Semana;Cobertura de Potabilidad General (%);Semestre ;Año 
1;73,78;Enero-Junio;2017
2;79,4;Enero-Junio;2017
3;88,85;Enero-Junio;2017
4;83,39;Enero-Junio;2017
5;89,01;Enero-Junio;2017
6;86,44;Enero-Junio;2017
7;82,93;Enero-Junio;2017
8;86,28;Enero-Junio;2017
9;94,23;Enero-Junio;2017
10;84,55;Enero-Junio;2017
11;79,28;Enero-Junio;2017
12;76,36;Enero-Junio;2017
13;82,46;Enero-Junio;2017
14;80,81;Enero-Junio;2017
15;82,91;Enero-Junio;2017
16;82,91;Enero-Junio;2017
17;70,38;Enero-Junio;2017
18;66,85;Enero-Junio;2017
19;59,32;Enero-Junio;2017
20;81,11;Enero-Junio;2017
21;65,98;Enero-Junio;2017
22;53,6;Enero-Junio;2017
23;78,23;Enero-Junio;2017
24;76,49;Enero-Junio;2017
25;76,72;Enero-Junio;2017
26;72,85;Enero-Junio;2017
27;76,41;Julio-Diciembre;2017
28;78,48;Julio-Diciembre;2017
29;74,25;Julio-Diciembre;2017
30;81,69;Julio-Diciembre;2017
31;79,11;Julio-Diciembre;2017
32;84,14;Julio-Diciembre;2017
33;78,98;Julio-Diciembre;2017
34;79,86;Julio-Diciembre;2017
35;83,16;Julio-Diciembre;2017
36;81,23;Julio-Diciembre;2017
37;81,23;Julio-Diciembre;2017
38;82,83;Julio-Diciembre;2017
39;86,25;Julio-Diciembre;2017
40;80,7;Julio-Diciembre;2017
41;81,23;Julio-Diciembre;2017
42;81,5;Julio-Diciembre;2017
43;79,63;Julio-Diciembre;2017
44;81,39;Julio-Diciembre;2017
45;78,04;Julio-Diciembre;2017
46;71,8;Julio-Diciembre;2017
47;73,47;Julio-Diciembre;2017
48;75,31;Julio-Diciembre;2017
49;72,48;Julio-Diciembre;2017
50;83,13;Julio-Diciembre;2017
51;80,8;Julio-Diciembre;2017
52;83,39;Julio-Diciembre;2017
1;84,75;Enero-Junio;2018
2;70,24;Enero-Junio;2018
3;65,19;Enero-Junio;2018
4;73,7;Enero-Junio;2018
5;82,69;Enero-Junio;2018
6;76,98;Enero-Junio;2018
7;85,38;Enero-Junio;2018
8;82,69;Enero-Junio;2018
9;84,18;Enero-Junio;2018
10;85,12;Enero-Junio;2018
11;85,75;Enero-Junio;2018
12;80,4;Enero-Junio;2018
13;87,53;Enero-Junio;2018
14;82,73;Enero-Junio;2018
15;79,67;Enero-Junio;2018
16;73,45;Enero-Junio;2018
17;74,52;Enero-Junio;2018
18;75,36;Enero-Junio;2018
19;65,99;Enero-Junio;2018
20;65,8;Enero-Junio;2018
21;74,09;Enero-Junio;2018
22;73,88;Enero-Junio;2018
23;72,16;Enero-Junio;2018
24;75,7;Enero-Junio;2018
25;72,93;Enero-Junio;2018
26;66,14;Enero-Junio;2018
27;75,7;Julio-Diciembre;2018
28;72,93;Julio-Diciembre;2018
29;66,14;Julio-Diciembre;2018
30;78,38;Julio-Diciembre;2018
31;73,76;Julio-Diciembre;2018
32;67,55;Julio-Diciembre;2018
33;70,72;Julio-Diciembre;2018
34;78,27;Julio-Diciembre;2018
35;75,8;Julio-Diciembre;2018
36;76,62;Julio-Diciembre;2018
37;76,77;Julio-Diciembre;2018
38;75,4;Julio-Diciembre;2018
39;76,88;Julio-Diciembre;2018
40;80,56;Julio-Diciembre;2018
41;65,99;Julio-Diciembre;2018
42;71,94;Julio-Diciembre;2018
43;75,17;Julio-Diciembre;2018
44;78,07;Julio-Diciembre;2018
45;76,51;Julio-Diciembre;2018
46;70,81;Julio-Diciembre;2018
47;71,13;Julio-Diciembre;2018
48;80;Julio-Diciembre;2018
49;72,63;Julio-Diciembre;2018
50;80,74;Julio-Diciembre;2018
51;80,06;Julio-Diciembre;2018
52;78,08;Julio-Diciembre;2018
53;79,26;Julio-Diciembre;2018
1;77;Enero-Junio;2019
2;86,02;Enero-Junio;2019
3;77,41;Enero-Junio;2019
4;80,07;Enero-Junio;2019
5;78,23;Enero-Junio;2019
6;78,5;Enero-Junio;2019
7;79,7;Enero-Junio;2019
8;77,47;Enero-Junio;2019
9;85,82;Enero-Junio;2019
10;83,42;Enero-Junio;2019
11;77,48;Enero-Junio;2019
12;76,39;Enero-Junio;2019
13;86,06;Enero-Junio;2019
14;78,44;Enero-Junio;2019
15;78,8;Enero-Junio;2019
16;79,1;Enero-Junio;2019
17;80,74;Enero-Junio;2019
18;84,92;Enero-Junio;2019
19;75,69;Enero-Junio;2019
20;67,93;Enero-Junio;2019
21;70,92;Enero-Junio;2019
22;72,78;Enero-Junio;2019
23;66,26;Enero-Junio;2019
24;80,06;Enero-Junio;2019
25;73,4;Enero-Junio;2019
26;78,4;Enero-Junio;2019
1;N/A;Julio-Septiembre;2019
2;63,47;Julio-Septiembre;2019
3;76,1;Julio-Septiembre;2019
4;78,2;Julio-Septiembre;2019
5;88,29;Julio-Septiembre;2019
6;86,53;Julio-Septiembre;2019
7;N/A;Julio-Septiembre;2019
8;77,1;Julio-Septiembre;2019
9;66,67;Julio-Septiembre;2019
10;66,3;Julio-Septiembre;2019
11;76,92;Julio-Septiembre;2019
12;89,49;Julio-Septiembre;2019
13;56,18;Julio-Septiembre;2019
14;96,07;Julio-Septiembre;2019
15;100;Julio-Septiembre;2019
16;94,62;Julio-Septiembre;2019
17;89,05;Julio-Septiembre;2019
18;98,54;Julio-Septiembre;2019
19;95,24;Julio-Septiembre;2019
21;29;Julio-Septiembre;2019
21;N/A;Julio-Septiembre;2019
22;62,18;Julio-Septiembre;2019
23;44,45;Julio-Septiembre;2019
1;N/A;Octubre-Diciembre;2019
2;85,87;Octubre-Diciembre;2019
3;73,47;Octubre-Diciembre;2019
4;49,47;Octubre-Diciembre;2019
5;53,98;Octubre-Diciembre;2019
6;86,86;Octubre-Diciembre;2019
7;N/A;Octubre-Diciembre;2019
8;76,34;Octubre-Diciembre;2019
9;73,72;Octubre-Diciembre;2019
10;81,74;Octubre-Diciembre;2019
11;82,55;Octubre-Diciembre;2019
12;89,92;Octubre-Diciembre;2019
13;57,04;Octubre-Diciembre;2019
14;95,5;Octubre-Diciembre;2019
15;91,11;Octubre-Diciembre;2019
16;97,99;Octubre-Diciembre;2019
17;87,43;Octubre-Diciembre;2019
18;96,77;Octubre-Diciembre;2019
19;100;Octubre-Diciembre;2019
21;66,22;Octubre-Diciembre;2019
21;63,94;Octubre-Diciembre;2019
22;78,01;Octubre-Diciembre;2019
23;N/A;Octubre-Diciembre;2019
24;N/A;Octubre-Diciembre;2019
1;69,22;Enero-Marzo;2020
2;67,41;Enero-Marzo;2020
3;70,3;Enero-Marzo;2020
4;55,66;Enero-Marzo;2020
5;91,54;Enero-Marzo;2020
6;94,75;Enero-Marzo;2020
7;N/A;Enero-Marzo;2020
8;95,75;Enero-Marzo;2020
9;79,06;Enero-Marzo;2020
10;84,37;Enero-Marzo;2020
11;79,61;Enero-Marzo;2020
12;86,57;Enero-Marzo;2020
13;48,06;Enero-Marzo;2020
14;100;Enero-Marzo;2020
15;100;Enero-Marzo;2020
16;94,58;Enero-Marzo;2020
17;91,65;Enero-Marzo;2020
18;98,89;Enero-Marzo;2020
19;100;Enero-Marzo;2020
21;90,51;Enero-Marzo;2020
21;89,14;Enero-Marzo;2020
22;79,43;Enero-Marzo;2020
23;N/A;Enero-Marzo;2020
24;66,9;Enero-Marzo;2020
1;N/A;Abril-Junio;2020
2;N/A;Abril-Junio;2020
3;N/A;Abril-Junio;2020
4;66,11;Abril-Junio;2020
5;88,23;Abril-Junio;2020
6;61,61;Abril-Junio;2020
7;N/A;Abril-Junio;2020
8;56,52;Abril-Junio;2020
9;78,73;Abril-Junio;2020
10;92,27;Abril-Junio;2020
11;76,13;Abril-Junio;2020
12;95,58;Abril-Junio;2020
13;97,32;Abril-Junio;2020
14;96,91;Abril-Junio;2020
15;96,88;Abril-Junio;2020
16;99,17;Abril-Junio;2020
17;98,7;Abril-Junio;2020
18;93,25;Abril-Junio;2020
19;96,97;Abril-Junio;2020
21;69,18;Abril-Junio;2020
21;68,33;Abril-Junio;2020
22;85,65;Abril-Junio;2020
23;56,34;Abril-Junio;2020
24;66,42;Abril-Junio;2020
1;56,61;Julio-Septiembre;2020
2;74,08;Julio-Septiembre;2020
3;N/A;Julio-Septiembre;2020
4;43,47;Julio-Septiembre;2020
5;87,56;Julio-Septiembre;2020
6;64,99;Julio-Septiembre;2020
7;N/A;Julio-Septiembre;2020
8;55,96;Julio-Septiembre;2020
9;68,37;Julio-Septiembre;2020
10;77,33;Julio-Septiembre;2020
11;92,66;Julio-Septiembre;2020
12;79,29;Julio-Septiembre;2020
13;69,75;Julio-Septiembre;2020
14;88,89;Julio-Septiembre;2020
15;100;Julio-Septiembre;2020
16;83,33;Julio-Septiembre;2020
17;86,51;Julio-Septiembre;2020
18;79,03;Julio-Septiembre;2020
19;69,43;Julio-Septiembre;2020
21;87,5;Julio-Septiembre;2020
21;N/A;Julio-Septiembre;2020
22;75,11;Julio-Septiembre;2020
23;N/A;Julio-Septiembre;2020
24;47,44;Julio-Septiembre;2020
1;74,54;Octubre-Diciembre;2020
2;83,8;Octubre-Diciembre;2020
3;26,61;Octubre-Diciembre;2020
4;84,62;Octubre-Diciembre;2020
5;87,88;Octubre-Diciembre;2020
6;67,18;Octubre-Diciembre;2020
7;N/A;Octubre-Diciembre;2020
8;65,74;Octubre-Diciembre;2020
9;53,48;Octubre-Diciembre;2020
10;65,85;Octubre-Diciembre;2020
11;81,43;Octubre-Diciembre;2020
12;65,59;Octubre-Diciembre;2020
13;66,67;Octubre-Diciembre;2020
14;87,64;Octubre-Diciembre;2020
15;89,58;Octubre-Diciembre;2020
16;88,72;Octubre-Diciembre;2020
17;85,96;Octubre-Diciembre;2020
18;79,95;Octubre-Diciembre;2020
19;64,82;Octubre-Diciembre;2020
21;26,79;Octubre-Diciembre;2020
21;N/A;Octubre-Diciembre;2020
22;76,39;Octubre-Diciembre;2020
23;N/A;Octubre-Diciembre;2020
24;50,2;Octubre-Diciembre;2020
1;47,78;Enero-Marzo;2021
2;83,17;Enero-Marzo;2021
3;82,97;Enero-Marzo;2021
4;52,69;Enero-Marzo;2021
5;74,12;Enero-Marzo;2021
6;69,65;Enero-Marzo;2021
7;N/A;Enero-Marzo;2021
8;63,52;Enero-Marzo;2021
9;75,49;Enero-Marzo;2021
10;84,96;Enero-Marzo;2021
11;61,29;Enero-Marzo;2021
12;70,99;Enero-Marzo;2021
13;N/A;Enero-Marzo;2021
14;92,58;Enero-Marzo;2021
15;93,06;Enero-Marzo;2021
16;86,05;Enero-Marzo;2021
17;82,55;Enero-Marzo;2021
18;82,3;Enero-Marzo;2021
19;64,07;Enero-Marzo;2021
21;89,82;Enero-Marzo;2021
21;N/A;Enero-Marzo;2021
22;92,02;Enero-Marzo;2021
23;66,6;Enero-Marzo;2021
24;76,74;Enero-Marzo;2021
25;75,83;Enero-Marzo;2021
1;62,5;Abril-Junio;2021
2;84,36;Abril-Junio;2021
3;87,72;Abril-Junio;2021
4;39,39;Abril-Junio;2021
5;78,03;Abril-Junio;2021
6;53,73;Abril-Junio;2021
7;N/A;Abril-Junio;2021
8;44,44;Abril-Junio;2021
9;42,86;Abril-Junio;2021
10;78,18;Abril-Junio;2021
11;44,31;Abril-Junio;2021
12;55,12;Abril-Junio;2021
13;N/A;Abril-Junio;2021
14;85,84;Abril-Junio;2021
15;100;Abril-Junio;2021
16;93,89;Abril-Junio;2021
17;92,31;Abril-Junio;2021
18;63,56;Abril-Junio;2021
19;N/A;Abril-Junio;2021
21;31,25;Abril-Junio;2021
21;N/A;Abril-Junio;2021
22;77,86;Abril-Junio;2021
23;68,87;Abril-Junio;2021
24;55,98;Abril-Junio;2021
1;73,81;Julio-Septiembre;2021
2;95,52;Julio-Septiembre;2021
3;85,5;Julio-Septiembre;2021
4;54,62;Julio-Septiembre;2021
5;77,51;Julio-Septiembre;2021
6;68,46;Julio-Septiembre;2021
7;N/A;Julio-Septiembre;2021
8;54,44;Julio-Septiembre;2021
9;46,54;Julio-Septiembre;2021
10;90,92;Julio-Septiembre;2021
11;63,64;Julio-Septiembre;2021
12;66,99;Julio-Septiembre;2021
13;N/A;Julio-Septiembre;2021
14;85,48;Julio-Septiembre;2021
15;77,38;Julio-Septiembre;2021
16;96,7;Julio-Septiembre;2021
17;82,77;Julio-Septiembre;2021
18;82,63;Julio-Septiembre;2021
19;95,83;Julio-Septiembre;2021
21;N/A;Julio-Septiembre;2021
21;N/A;Julio-Septiembre;2021
22;72,68;Julio-Septiembre;2021
23;77,25;Julio-Septiembre;2021
24;60,35;Julio-Septiembre;2021
1;80,38847118;Octubre-Diciembre;2021
2;96,96192696;Octubre-Diciembre;2021
3;91,82192702;Octubre-Diciembre;2021
4;58,35640458;Octubre-Diciembre;2021
5;86,01265284;Octubre-Diciembre;2021
6;58,94894895;Octubre-Diciembre;2021
7;N/A;Octubre-Diciembre;2021
8;23,71794872;Octubre-Diciembre;2021
9;52,50502186;Octubre-Diciembre;2021
10;66,31741962;Octubre-Diciembre;2021
11;63,64;Octubre-Diciembre;2021
12;66,34828541;Octubre-Diciembre;2021
13;N/A;Octubre-Diciembre;2021
14;90,17252064;Octubre-Diciembre;2021
15;90,625;Octubre-Diciembre;2021
16;94,48621554;Octubre-Diciembre;2021
17;91,66666667;Octubre-Diciembre;2021
18;77,14716644;Octubre-Diciembre;2021
19;96,82539683;Octubre-Diciembre;2021
21;25;Octubre-Diciembre;2021
21;N/A;Octubre-Diciembre;2021
22;73,06230463;Octubre-Diciembre;2021
23;85,94758416;Octubre-Diciembre;2021
24;65,8317089;Octubre-Diciembre;2021
1;44,7;Enero-Marzo;2022
2;94,05;Enero-Marzo;2022
3;89,86;Enero-Marzo;2022
4;63,14;Enero-Marzo;2022
5;69,93;Enero-Marzo;2022
6;64,75;Enero-Marzo;2022
7;N/A;Enero-Marzo;2022
8;35,33;Enero-Marzo;2022
9;46,59;Enero-Marzo;2022
10;66,98;Enero-Marzo;2022
11;76,93;Enero-Marzo;2022
12;80,44;Enero-Marzo;2022
13;49,88;Enero-Marzo;2022
14;95,87;Enero-Marzo;2022
15;100;Enero-Marzo;2022
16;95,18;Enero-Marzo;2022
17;92,88;Enero-Marzo;2022
18;82,56;Enero-Marzo;2022
19;87,5;Enero-Marzo;2022
20;N/A;Enero-Marzo;2022
21;N/A;Enero-Marzo;2022
22;56,94;Enero-Marzo;2022
23;74,14;Enero-Marzo;2022
24;53,69;Enero-Marzo;2022
1;61,45;Abril-Junio;2022
2;91,95;Abril-Junio;2022
3;93,78;Abril-Junio;2022
4;61,57;Abril-Junio;2022
5;67,06;Abril-Junio;2022
6;57,27;Abril-Junio;2022
7;N/A;Abril-Junio;2022
8;54,16;Abril-Junio;2022
9;28,91;Abril-Junio;2022
10;83,46;Abril-Junio;2022
11;74,03;Abril-Junio;2022
12;63,44;Abril-Junio;2022
13;44,66;Abril-Junio;2022
14;94,21;Abril-Junio;2022
15;90,62;Abril-Junio;2022
16;92,35;Abril-Junio;2022
17;78,31;Abril-Junio;2022
18;86,98;Abril-Junio;2022
19;92,15;Abril-Junio;2022
20;N/A;Abril-Junio;2022
21;N/A;Abril-Junio;2022
22;76,71;Abril-Junio;2022
23;85,18;Abril-Junio;2022
24;66,96;Abril-Junio;2022
1;70,13;Julio-Septiembre;2022
2;93,79;Julio-Septiembre;2022
3;86,05;Julio-Septiembre;2022
4;61,88;Julio-Septiembre;2022
5;69,73;Julio-Septiembre;2022
6;57,77;Julio-Septiembre;2022
7;N/A;Julio-Septiembre;2022
8;60;Julio-Septiembre;2022
9;48,78;Julio-Septiembre;2022
10;62,16;Julio-Septiembre;2022
11;58,45;Julio-Septiembre;2022
12;56,84;Julio-Septiembre;2022
13;10,99;Julio-Septiembre;2022
14;90,82;Julio-Septiembre;2022
15;95,83;Julio-Septiembre;2022
16;77,68;Julio-Septiembre;2022
17;66,07;Julio-Septiembre;2022
18;84,99;Julio-Septiembre;2022
19;93,55;Julio-Septiembre;2022
20;N/A;Julio-Septiembre;2022
21;N/A;Julio-Septiembre;2022
22;58,42;Julio-Septiembre;2022
23;78,57;Julio-Septiembre;2022
24;43,51;Julio-Septiembre;2022
1;60;Octubre-Diciembre;2022
2;96,65;Octubre-Diciembre;2022
3;90,27;Octubre-Diciembre;2022
4;56,52;Octubre-Diciembre;2022
5;77,3;Octubre-Diciembre;2022
6;62,78;Octubre-Diciembre;2022
7;N/A;Octubre-Diciembre;2022
8;61,9;Octubre-Diciembre;2022
9;69,32;Octubre-Diciembre;2022
10;81,05;Octubre-Diciembre;2022
11;72,28;Octubre-Diciembre;2022
12;68,26;Octubre-Diciembre;2022
13;22,81;Octubre-Diciembre;2022
14;92,9;Octubre-Diciembre;2022
15;95,45;Octubre-Diciembre;2022
16;97,35;Octubre-Diciembre;2022
17;77,78;Octubre-Diciembre;2022
18;77,91;Octubre-Diciembre;2022
19;98,1;Octubre-Diciembre;2022
20;N/A;Octubre-Diciembre;2022
21;N/A;Octubre-Diciembre;2022
22;76,92;Octubre-Diciembre;2022
23;N/A;Octubre-Diciembre;2022
24;62,44;Octubre-Diciembre;2022
1;69,95332139;Enero-Marzo;2023
2;87,34236559;Enero-Marzo;2023
3;98,08821767;Enero-Marzo;2023
4;63,49795518;Enero-Marzo;2023
5;66,40873016;Enero-Marzo;2023
6;65,47144213;Enero-Marzo;2023
7;N/A;Enero-Marzo;2023
8;71,85333333;Enero-Marzo;2023
9;68,67424242;Enero-Marzo;2023
10;83,87109077;Enero-Marzo;2023
11;85,63282392;Enero-Marzo;2023
12;79,63911341;Enero-Marzo;2023
13;62,81746032;Enero-Marzo;2023
14;94,72626263;Enero-Marzo;2023
15;66,66666667;Enero-Marzo;2023
16;98,00995025;Enero-Marzo;2023
17;96,07843137;Enero-Marzo;2023
18;85,96450636;Enero-Marzo;2023
19;97,73755656;Enero-Marzo;2023
20;N/A;Enero-Marzo;2023
21;N/A;Enero-Marzo;2023
22;86,9047619;Enero-Marzo;2023
23;N/A;Enero-Marzo;2023
24;83,61292962;Enero-Marzo;2023
1;59,23254669;Abril-Junio;2023
2;92,24978355;Abril-Junio;2023
3;91,45837093;Abril-Junio;2023
4;55,68304348;Abril-Junio;2023
5;74,67087416;Abril-Junio;2023
6;63,51423617;Abril-Junio;2023
7;N/A;Abril-Junio;2023
8;33,33333333;Abril-Junio;2023
9;33,3847619;Abril-Junio;2023
10;83,33862552;Abril-Junio;2023
11;82,13507246;Abril-Junio;2023
12;67,76426625;Abril-Junio;2023
13;60,92884058;Abril-Junio;2023
14;89,79355742;Abril-Junio;2023
15;100;Abril-Junio;2023
16;99,25925926;Abril-Junio;2023
17;81,88405797;Abril-Junio;2023
18;83,70971425;Abril-Junio;2023
19;89,36287879;Abril-Junio;2023
20;68;Abril-Junio;2023
21;19,05;Abril-Junio;2023
22;81,16581312;Abril-Junio;2023
23;50;Abril-Junio;2023
24;65,26300769;Abril-Junio;2023
1;48,30761905;Julio-Septiembre;2023
2;92,43244801;Julio-Septiembre;2023
3;99,35275081;Julio-Septiembre;2023
4;68,64164835;Julio-Septiembre;2023
5;87,92398374;Julio-Septiembre;2023
6;54,61971736;Julio-Septiembre;2023
7;N/A;Julio-Septiembre;2023
8;66,66666667;Julio-Septiembre;2023
9;47,36937343;Julio-Septiembre;2023
10;82,70687004;Julio-Septiembre;2023
11;60,73636364;Julio-Septiembre;2023
12;84,39292767;Julio-Septiembre;2023
13;53,14619883;Julio-Septiembre;2023
14;93,25923077;Julio-Septiembre;2023
15;100;Julio-Septiembre;2023
16;87,12142857;Julio-Septiembre;2023
17;90;Julio-Septiembre;2023
18;84,96487437;Julio-Septiembre;2023
19;100;Julio-Septiembre;2023
20;70,83333333;Julio-Septiembre;2023
21;43,14666667;Julio-Septiembre;2023
22;67;Julio-Septiembre;2023
23;77,5974026;Julio-Septiembre;2023
24;69,10164021;Julio-Septiembre;2023
1;61,34920635;Octubre-Diciembre ;2023
2;91,11486486;Octubre-Diciembre ;2023
3;90,35054285;Octubre-Diciembre ;2023
4;64,9099513;Octubre-Diciembre ;2023
5;84,88132095;Octubre-Diciembre ;2023
6;53,70869983;Octubre-Diciembre ;2023
7;N/A;Octubre-Diciembre ;2023
8;29,97835498;Octubre-Diciembre ;2023
9;54,91575092;Octubre-Diciembre ;2023
10;76,4315439;Octubre-Diciembre ;2023
11;33,33333333;Octubre-Diciembre ;2023
12;58,91988295;Octubre-Diciembre ;2023
13;92,49536221;Octubre-Diciembre ;2023
14;66,66666667;Octubre-Diciembre ;2023
15;82,23684211;Octubre-Diciembre ;2023
16;88,88888889;Octubre-Diciembre ;2023
17;80,26869622;Octubre-Diciembre ;2023
18;68,5330498;Octubre-Diciembre ;2023
19;89,26470588;Octubre-Diciembre ;2023
20;80,2020202;Octubre-Diciembre ;2023
21;80,27839369;Octubre-Diciembre ;2023
22;64,42190165;Octubre-Diciembre ;2023
23;64,81481481;Octubre-Diciembre ;2023
24;71,33496133;Octubre-Diciembre ;2023
1;76,54320988;Enero-Marzo;2024
2;80,44238683;Enero-Marzo;2024
3;95,08379347;Enero-Marzo;2024
4;59,23143935;Enero-Marzo;2024
5;70,91307205;Enero-Marzo;2024
6;54,25663936;Enero-Marzo;2024
7;N/A;Enero-Marzo;2024
8;65,58441558;Enero-Marzo;2024
9;28,48484848;Enero-Marzo;2024
10;79,89253672;Enero-Marzo;2024
11;71,95225916;Enero-Marzo;2024
12;56,47595648;Enero-Marzo;2024
13;90,90147141;Enero-Marzo;2024
14;100;Enero-Marzo;2024
15;83,58024691;Enero-Marzo;2024
16;76,94444444;Enero-Marzo;2024
17;80,21092279;Enero-Marzo;2024
18;74,13801884;Enero-Marzo;2024
19;89,70588235;Enero-Marzo;2024
20;74,12698413;Enero-Marzo;2024
21;86,78861789;Enero-Marzo;2024
22;61,996337;Enero-Marzo;2024
23;50;Enero-Marzo;2024
24;75,51406926;Enero-Marzo;2024
1;39,63;Abril-Junio;2024
2;81,42;Abril-Junio;2024
3;92,42;Abril-Junio;2024
4;49,17;Abril-Junio;2024
5;70,03;Abril-Junio;2024
6;40,44;Abril-Junio;2024
7;N/A;Abril-Junio;2024
8;34,13;Abril-Junio;2024
9;43,61;Abril-Junio;2024
10;80,39;Abril-Junio;2024
11;65,42;Abril-Junio;2024
12;45,37;Abril-Junio;2024
13;90,02;Abril-Junio;2024
14;97,92;Abril-Junio;2024
15;66,06;Abril-Junio;2024
16;62,55;Abril-Junio;2024
17;81,64;Abril-Junio;2024
18;72,53;Abril-Junio;2024
19;96,08;Abril-Junio;2024
20;78,55;Abril-Junio;2024
21;70,45;Abril-Junio;2024
22;72,66;Abril-Junio;2024
23;42,86;Abril-Junio;2024
24;75,61;Abril-Junio;2024
1;67,96;Julio-Septiembre;2024
2;81,07;Julio-Septiembre;2024
3;87,67;Julio-Septiembre;2024
4;51,32;Julio-Septiembre;2024
5;84,07;Julio-Septiembre;2024
6;69,83;Julio-Septiembre;2024
7;N/A;Julio-Septiembre;2024
8;61,91;Julio-Septiembre;2024
9;74,62;Julio-Septiembre;2024
10;75,68;Julio-Septiembre;2024
11;73,02;Julio-Septiembre;2024
12;73,4;Julio-Septiembre;2024
13;92,74;Julio-Septiembre;2024
14;87,5;Julio-Septiembre;2024
15;80,88;Julio-Septiembre;2024
16;83,33;Julio-Septiembre;2024
17;65,61;Julio-Septiembre;2024
18;73,31;Julio-Septiembre;2024
19;82,35;Julio-Septiembre;2024
20;48,77;Julio-Septiembre;2024
21;56,97;Julio-Septiembre;2024
22;89,17;Julio-Septiembre;2024
23;37,5;Julio-Septiembre;2024
24;60,04;Julio-Septiembre;2024
1;66,20222874;Octubre-Diciembre;2024
2;93,78809524;Octubre-Diciembre;2024
3;87,33306011;Octubre-Diciembre;2024
4;44,09509804;Octubre-Diciembre;2024
5;88,29389408;Octubre-Diciembre;2024
6;60,01777208;Octubre-Diciembre;2024
7;N/A;Octubre-Diciembre;2024
8;43,83116883;Octubre-Diciembre;2024
9;56,4201443;Octubre-Diciembre;2024
10;75,84164751;Octubre-Diciembre;2024
11;72,86103896;Octubre-Diciembre;2024
12;81,42255892;Octubre-Diciembre;2024
13;86,87575518;Octubre-Diciembre;2024
14;83,33333333;Octubre-Diciembre;2024
15;81,87019969;Octubre-Diciembre;2024
16;100;Octubre-Diciembre;2024
17;62,27697939;Octubre-Diciembre;2024
18;79,75706612;Octubre-Diciembre;2024
19;62,47;Octubre-Diciembre;2024
20;N/A;Octubre-Diciembre;2024
21;N/A;Octubre-Diciembre;2024
22;80,46761905;Octubre-Diciembre;2024
23;N/A;Octubre-Diciembre;2024
24;77,76776828;Octubre-Diciembre;2024
1;78,33;Enero-Marzo;2025
2;90,55;Enero-Marzo;2025
3;97,47;Enero-Marzo;2025
4;45,18;Enero-Marzo;2025
5;84,16;Enero-Marzo;2025
6;60,82;Enero-Marzo;2025
7;N/A;Enero-Marzo;2025
8;35,65;Enero-Marzo;2025
9;64,32;Enero-Marzo;2025
10;70,25;Enero-Marzo;2025
11;90,98;Enero-Marzo;2025
12;88,79;Enero-Marzo;2025
13;93,69;Enero-Marzo;2025
14;95,56;Enero-Marzo;2025
15;85,91;Enero-Marzo;2025
16;78,57;Enero-Marzo;2025
17;83,64;Enero-Marzo;2025
18;82,7;Enero-Marzo;2025
19;87,12;Enero-Marzo;2025
20;N/A;Enero-Marzo;2025
21;75,6;Enero-Marzo;2025
22;48,65;Enero-Marzo;2025
23;N/A;Enero-Marzo;2025
24;74,94;Enero-Marzo;2025
1;48,4962406;Abril-Junio;2025
2;79,94579946;Abril-Junio;2025
3;91,74908604;Abril-Junio;2025
4;58,7654321;Abril-Junio;2025
5;81,75710683;Abril-Junio;2025
6;63,58291318;Abril-Junio;2025
7;N/A;Abril-Junio;2025
8;62,5;Abril-Junio;2025
9;65,56410256;Abril-Junio;2025
10;61,32442626;Abril-Junio;2025
11;73,42344421;Abril-Junio;2025
12;56,02295552;Abril-Junio;2025
13;83,91703987;Abril-Junio;2025
14;85,41666667;Abril-Junio;2025
15;N/A;Abril-Junio;2025
16;69,64285714;Abril-Junio;2025
17;71,3965287;Abril-Junio;2025
18;83,18117908;Abril-Junio;2025
19;74,06887954;Abril-Junio;2025
20;100;Abril-Junio;2025
21;82,14285714;Abril-Junio;2025
22;92,28395062;Abril-Junio;2025
23;N/A;Abril-Junio;2025
24;78,71484698;Abril-Junio;2025
1;63,29;Julio-Septiembre;2025
2;92,41;Julio-Septiembre;2025
3;87,46;Julio-Septiembre;2025
4;58,74;Julio-Septiembre;2025
5;82,94;Julio-Septiembre;2025
6;66,94;Julio-Septiembre;2025
7;N/A;Julio-Septiembre;2025
8;70,3;Julio-Septiembre;2025
9;79,14;Julio-Septiembre;2025
10;81,24;Julio-Septiembre;2025
11;87,39;Julio-Septiembre;2025
12;87,77;Julio-Septiembre;2025
13;88,01;Julio-Septiembre;2025
14;97,92;Julio-Septiembre;2025
15;63,78;Julio-Septiembre;2025
16;91,74;Julio-Septiembre;2025
17;74,27;Julio-Septiembre;2025
18;83,77;Julio-Septiembre;2025
19;88,33;Julio-Septiembre;2025
20;59,46;Julio-Septiembre;2025
21;80,83;Julio-Septiembre;2025
22;87,45;Julio-Septiembre;2025
23;100;Julio-Septiembre;2025
24;45,79;Julio-Septiembre;2025
1;77,28;Octubre-Diciembre;2025
2;97,44;Octubre-Diciembre;2025
3;78,35;Octubre-Diciembre;2025
4;73,75;Octubre-Diciembre;2025
5;78,41;Octubre-Diciembre;2025
6;80,11;Octubre-Diciembre;2025
7;N/A;Octubre-Diciembre;2025
8;72,29;Octubre-Diciembre;2025
9;77,7;Octubre-Diciembre;2025
10;82,62;Octubre-Diciembre;2025
11;87,75;Octubre-Diciembre;2025
12;73,4;Octubre-Diciembre;2025
13;89,78;Octubre-Diciembre;2025
14;97,44;Octubre-Diciembre;2025
15;78,29;Octubre-Diciembre;2025
16;84,48;Octubre-Diciembre;2025
17;60,97;Octubre-Diciembre;2025
18;64,47;Octubre-Diciembre;2025
19;80,41;Octubre-Diciembre;2025
20;N/A;Octubre-Diciembre;2025
21;79,96;Octubre-Diciembre;2025
22;90,82;Octubre-Diciembre;2025
23;64,28;Octubre-Diciembre;2025
24;67,69;Octubre-Diciembre;2025
