ANO,MES,PAIS,PROVINCIA,PLANTA,CANT. MUESTRA,INDICE_POTABILIDAD_(%),CLORO_RESIDUAL_(Mg/l)
2018,ENERO,REPUBLICA DOMINICANA,SANTIAGO,LA NORIEGA II,22,"83,60","0,90"
2018,ENERO,REPUBLICA DOMINICANA,SANTIAGO,PLANTA 10 MGD,41,"95,10","1,10"
2018,ENERO,REPUBLICA DOMINICANA,SANTIAGO,PLANTA 25 MGD,42,"97,10","1,13"
2018,FEBRERO,REPUBLICA DOMINICANA,SANTIAGO,LA NORIEGA,23,"100,00","1,10"
2018,FEBRERO,REPUBLICA DOMINICANA,SANTIAGO,LA NORIEGA II,5,"92,00","1,24"
2018,FEBRERO,REPUBLICA DOMINICANA,SANTIAGO,PLANTA 10 MGD,16,"95,30","1,10"
2018,FEBRERO,REPUBLICA DOMINICANA,SANTIAGO,PLANTA 25 MGD,17,"94,10","1,18"
2018,MARZO,REPUBLICA DOMINICANA,SANTIAGO,LA NORIEGA,32,"95,60","1,03"
2018,MARZO,REPUBLICA DOMINICANA,SANTIAGO,LA NORIEGA II,15,"65,30","1,01"
2018,MARZO,REPUBLICA DOMINICANA,SANTIAGO,PLANTA 10 MGD,18,"87,80","1,12"
2018,MARZO,REPUBLICA DOMINICANA,SANTIAGO,PLANTA 25 MGD,19,"98,90","1,30"
2018,ABRIL,REPUBLICA DOMINICANA,SANTIAGO,LA NORIEGA,39,"93,30","1,00"
2018,ABRIL,REPUBLICA DOMINICANA,SANTIAGO,LA NORIEGA II,19,"75,80","0,90"
2018,ABRIL,REPUBLICA DOMINICANA,SANTIAGO,PLANTA 10 MGD,28,"100,00","1,30"
2018,ABRIL,REPUBLICA DOMINICANA,SANTIAGO,PLANTA 25 MGD,36,"91,70","1,30"
2018,MAYO,REPUBLICA DOMINICANA,SANTIAGO,LA NORIEGA,40,"96,00","1,10"
2018,MAYO,REPUBLICA DOMINICANA,SANTIAGO,LA NORIEGA II,21,"78,10","1,00"
2018,MAYO,REPUBLICA DOMINICANA,SANTIAGO,PLANTA 10 MGD,30,"100,00","1,22"
2018,MAYO,REPUBLICA DOMINICANA,SANTIAGO,PLANTA 25 MGD,36,"100,00","1,30"
2018,JUNIO,REPUBLICA DOMINICANA,SANTIAGO,LA NORIEGA,18,"100,00","1,01"
2018,JUNIO,REPUBLICA DOMINICANA,SANTIAGO,LA NORIEGA II,18,"72,20","1,30"
2018,JUNIO,REPUBLICA DOMINICANA,SANTIAGO,PLANTA 10 MGD,19,"100,00","1,23"
2018,JUNIO,REPUBLICA DOMINICANA,SANTIAGO,PLANTA 25 MGD,19,"100,00","1,30"
2018,JULIO,REPUBLICA DOMINICANA,SANTIAGO,LA NORIEGA,36,"96,10","1,10"
2018,JULIO,REPUBLICA DOMINICANA,SANTIAGO,LA NORIEGA II,22,"93,60","1,40"
2018,JULIO,REPUBLICA DOMINICANA,SANTIAGO,PLANTA 10 MGD,32,"99,40","1,30"
2018,JULIO,REPUBLICA DOMINICANA,SANTIAGO,PLANTA 25 MGD,35,"99,40","1,30"
2018,AGOSTO,REPUBLICA DOMINICANA,SANTIAGO,PLANTA LA NORIEGA,10,"0,95","1,10"
2018,SEPTIEMBRE,REPUBLICA DOMINICANA,SANTIAGO,PLANTA LA NORIEGA,33,"97,00","1,10"
2018,SEPTIEMBRE,REPUBLICA DOMINICANA,SANTIAGO,PLANTA LA NORIEGA II,3,"53,30","0,30"
2018,SEPTIEMBRE,REPUBLICA DOMINICANA,SANTIAGO,PLANTA 10 MGD,34,"98,80","1,30"
2018,SEPTIEMBRE,REPUBLICA DOMINICANA,SANTIAGO,PLANTA 25 MGD,34,"97,10","1,20"
2018,SEPTIEMBRE,REPUBLICA DOMINICANA,SANTIAGO,VILLA GONZALEZ,3,"100,00","1,30"
2018,SEPTIEMBRE,REPUBLICA DOMINICANA,SANTIAGO,VILLA GONZALEZ II,3,"100,00","0,70"
2018,OCTUBRE,REPUBLICA DOMINICANA,SANTIAGO,PLANTA LA NORIEGA,40,"93,50","1,00"
2018,OCTUBRE,REPUBLICA DOMINICANA,SANTIAGO,PLANTA 10 MGD,41,"96,10","1,30"
2018,OCTUBRE,REPUBLICA DOMINICANA,SANTIAGO,PLANTA 25 MGD,41,"96,60","1,20"
2018,OCTUBRE,REPUBLICA DOMINICANA,SANTIAGO,VILLA GONZALEZ,2,"100,00","1,30"
2018,NOVIEMBRE,REPUBLICA DOMINICANA,SANTIAGO,PLANTA LA NORIEGA,33,"93,90","1,10"
2018,NOVIEMBRE,REPUBLICA DOMINICANA,SANTIAGO,PLANTA 10 MGD,32,"100,00","1,30"
2018,NOVIEMBRE,REPUBLICA DOMINICANA,SANTIAGO,PLANTA 25 MGD,33,"98,80","1,20"
2018,NOVIEMBRE,REPUBLICA DOMINICANA,SANTIAGO,VILLA GONZALEZ,4,"100,00","1,10"
2018,NOVIEMBRE,REPUBLICA DOMINICANA,SANTIAGO,VILLA GONZALEZ II,3,"100,00","1,20"
2018,DICIEMBRE,REPUBLICA DOMINICANA,SANTIAGO,PLANTA LA NORIEGA,30,"98,00","1,20"
2018,DICIEMBRE,REPUBLICA DOMINICANA,SANTIAGO,PLANTA 10 MGD,29,"95,00","1,20"
2018,DICIEMBRE,REPUBLICA DOMINICANA,SANTIAGO,PLANTA 25 MGD,30,"93,00","1,10"
2018,DICIEMBRE,REPUBLICA DOMINICANA,SANTIAGO,VILLA GONZALEZ,2,"100,00","1,20"
2018,DICIEMBRE,REPUBLICA DOMINICANA,SANTIAGO,VILLA GONZALEZ II,2,"100,00","1,10"
2019,ENERO,REPUBLICA DOMINICANA,SANTIAGO,PLANTA LA NORIEGA,37,"92,40","1,10"
2019,ENERO,REPUBLICA DOMINICANA,SANTIAGO,PLANTA 10 MGD,33,"98,80","1,30"
2019,ENERO,REPUBLICA DOMINICANA,SANTIAGO,PLANTA 25 MGD,33,"99,40","1,20"
2019,ENERO,REPUBLICA DOMINICANA,SANTIAGO,VILLA GONZALEZ,3,"100,00","1,00"
2019,ENERO,REPUBLICA DOMINICANA,SANTIAGO,VILLA GONZALEZ II,3,"100,00","0,70"
2019,FEBRERO,REPUBLICA DOMINICANA,SANTIAGO,PLANTA LA NORIEGA,43,"99,50","1,40"
2019,FEBRERO,REPUBLICA DOMINICANA,SANTIAGO,PLANTA 10 MGD,38,"100,00","1,30"
2019,FEBRERO,REPUBLICA DOMINICANA,SANTIAGO,PLANTA 25 MGD,39,"100,00","1,30"
2019,FEBRERO,REPUBLICA DOMINICANA,SANTIAGO,VILLA GONZALEZ,3,"100,00","1,20"
2019,FEBRERO,REPUBLICA DOMINICANA,SANTIAGO,VILLA GONZALEZ II,3,"100,00","0,70"
2019,MARZO,REPUBLICA DOMINICANA,SANTIAGO,PLANTA LA NORIEGA,36,"97,80","1,10"
2019,MARZO,REPUBLICA DOMINICANA,SANTIAGO,PLANTA 10 MGD,32,"98,10","1,20"
2019,MARZO,REPUBLICA DOMINICANA,SANTIAGO,PLANTA 25 MGD,34,"98,80","1,10"
2019,MARZO,REPUBLICA DOMINICANA,SANTIAGO,VILLA GONZALEZ,2,"100,00","1,10"
2019,MARZO,REPUBLICA DOMINICANA,SANTIAGO,VILLA GONZALEZ II,2,"100,00","0,70"
2019,ABRIL,REPUBLICA DOMINICANA,SANTIAGO,PLANTA LA NORIEGA,37,"100,00","1,10"
2019,ABRIL,REPUBLICA DOMINICANA,SANTIAGO,PLANTA 10 MGD,31,"96,80","1,40"
2019,ABRIL,REPUBLICA DOMINICANA,SANTIAGO,PLANTA 25 MGD,32,"100,00","1,30"
2019,ABRIL,REPUBLICA DOMINICANA,SANTIAGO,VILLA GONZALEZ,1,"80,00","1,10"
2019,ABRIL,REPUBLICA DOMINICANA,SANTIAGO,VILLA GONZALEZ II,1,"100,00","1,10"
2019,MAYO,REPUBLICA DOMINICANA,SANTIAGO,PLANTA LA NORIEGA,39,"98,50","1,10"
2019,MAYO,REPUBLICA DOMINICANA,SANTIAGO,PLANTA 10 MGD,43,"99,50","1,30"
2019,MAYO,REPUBLICA DOMINICANA,SANTIAGO,PLANTA 25 MGD,43,"98,10","1,20"
2019,MAYO,REPUBLICA DOMINICANA,SANTIAGO,VILLA GONZALEZ,3,"100,00","0,50"
2019,MAYO,REPUBLICA DOMINICANA,SANTIAGO,VILLA GONZALEZ II,3,"100,00","0,50"
2019,JUNIO,REPUBLICA DOMINICANA,SANTIAGO,PLANTA LA NORIEGA,43,"98,60","1,10"
2019,JUNIO,REPUBLICA DOMINICANA,SANTIAGO,PLANTA 10 MGD,36,"96,10","1,20"
2019,JUNIO,REPUBLICA DOMINICANA,SANTIAGO,PLANTA 25 MGD,35,"97,10","1,30"
2019,JUNIO,REPUBLICA DOMINICANA,SANTIAGO,VILLA GONZALEZ,1,"100,00","0,80"
2019,JUNIO,REPUBLICA DOMINICANA,SANTIAGO,VILLA GONZALEZ II,1,"100,00","0,60"
2019,JULIO,REPUBLICA DOMINICANA,SANTIAGO,PLANTA LA NORIEGA,48,"97,10","1,20"
2019,JULIO,REPUBLICA DOMINICANA,SANTIAGO,PLANTA 10 MGD,38,"97,40","1,20"
2019,JULIO,REPUBLICA DOMINICANA,SANTIAGO,PLANTA 25 MGD,41,"97,60","1,30"
2019,JULIO,REPUBLICA DOMINICANA,SANTIAGO,VILLA GONZALEZ,2,"100,00","1,10"
2019,JULIO,REPUBLICA DOMINICANA,SANTIAGO,VILLA GONZALEZ II,2,"100,00","1,10"
2019,AGOSTO,REPUBLICA DOMINICANA,SANTIAGO,PLANTA LA NORIEGA,42,"93,80","1,10"
2019,AGOSTO,REPUBLICA DOMINICANA,SANTIAGO,PLANTA 10 MGD,34,"95,30","1,20"
2019,AGOSTO,REPUBLICA DOMINICANA,SANTIAGO,PLANTA 25 MGD,34,"100,00","1,20"
2019,AGOSTO,REPUBLICA DOMINICANA,SANTIAGO,VILLA GONZALEZ,2,"100,00","0,90"
2019,AGOSTO,REPUBLICA DOMINICANA,SANTIAGO,VILLA GONZALEZ II,1,"100,00","0,60"
2019,SEPTIEMBRE,REPUBLICA DOMINICANA,SANTIAGO,PLANTA LA NORIEGA,43,"98,10","1,10"
2019,SEPTIEMBRE,REPUBLICA DOMINICANA,SANTIAGO,PLANTA 10 MGD,36,"100,00","1,30"
2019,SEPTIEMBRE,REPUBLICA DOMINICANA,SANTIAGO,PLANTA 25 MGD,37,"96,20","1,20"
2019,SEPTIEMBRE,REPUBLICA DOMINICANA,SANTIAGO,VILLA GONZALEZ,3,"73,00","0,90"
2019,SEPTIEMBRE,REPUBLICA DOMINICANA,SANTIAGO,VILLA GONZALEZ II,3,"100,00","0,50"
2019,OCTUBRE,REPUBLICA DOMINICANA,SANTIAGO,PLANTA LA NORIEGA,50,"96,80","1,00"
2019,OCTUBRE,REPUBLICA DOMINICANA,SANTIAGO,PLANTA 10 MGD,36,"96,70","1,20"
2019,OCTUBRE,REPUBLICA DOMINICANA,SANTIAGO,PLANTA 25 MGD,38,"97,40","1,30"
2019,OCTUBRE,REPUBLICA DOMINICANA,SANTIAGO,VILLA GONZALEZ,3,"100,00","1,10"
2019,OCTUBRE,REPUBLICA DOMINICANA,SANTIAGO,VILLA GONZALEZ II,3,"100,00","0,80"
2019,NOVIEMBRE,REPUBLICA DOMINICANA,SANTIAGO,PLANTA LA NORIEGA,39,"99,50","1,10"
2019,NOVIEMBRE,REPUBLICA DOMINICANA,SANTIAGO,PLANTA 25 MGD,26,"100,00","1,10"
2019,NOVIEMBRE,REPUBLICA DOMINICANA,SANTIAGO,PLANTA 10 MGD,27,"100,00","1,40"
2019,NOVIEMBRE,REPUBLICA DOMINICANA,SANTIAGO,VILLA GONZALEZ,3,"100,00","0,90"
2019,NOVIEMBRE,REPUBLICA DOMINICANA,SANTIAGO,VILLA GONZALEZ II,3,"100,00","1,00"
2019,DICIEMBRE,REPUBLICA DOMINICANA,SANTIAGO,PLANTA LA NORIEGA,36,"97,20","1,20"
2019,DICIEMBRE,REPUBLICA DOMINICANA,SANTIAGO,PLANTA 10 MGD,27,"100,00","1,40"
2019,DICIEMBRE,REPUBLICA DOMINICANA,SANTIAGO,PLANTA 25 MGD,27,"100,00","1,30"
2019,DICIEMBRE,REPUBLICA DOMINICANA,SANTIAGO,VILLA GONZALEZ,1,"100,00","0,80"
2019,DICIEMBRE,REPUBLICA DOMINICANA,SANTIAGO,VILLA GONZALEZ II,1,"100,00","0,50"
2020,ENERO,REPUBLICA DOMINICANA,SANTIAGO,PLANTA LA NORIEGA,40,"100,00","1,20"
2020,ENERO,REPUBLICA DOMINICANA,SANTIAGO,PLANTA 10 MGD,27,"100,00","1,40"
2020,ENERO,REPUBLICA DOMINICANA,SANTIAGO,PLANTA 25 MGD,27,"100,00","1,30"
2020,ENERO,REPUBLICA DOMINICANA,SANTIAGO,VILLA GONZALEZ,3,"80,00","0,80"
2020,ENERO,REPUBLICA DOMINICANA,SANTIAGO,VILLA GONZALEZ II,3,"86,70","0,70"
2020,FEBRERO,REPUBLICA DOMINICANA,SANTIAGO,PLANTA LA NORIEGA,43,"100,00","1,10"
2020,FEBRERO,REPUBLICA DOMINICANA,SANTIAGO,PLANTA 10 MGD,25,"100,00","1,40"
2020,FEBRERO,REPUBLICA DOMINICANA,SANTIAGO,PLANTA 25 MGD,26,"100,00","1,20"
2020,FEBRERO,REPUBLICA DOMINICANA,SANTIAGO,VILLA GONZALEZ,3,"100,00","1,00"
2020,FEBRERO,REPUBLICA DOMINICANA,SANTIAGO,VILLA GONZALEZ II,3,"100,00","1,20"
2020,MARZO,REPUBLICA DOMINICANA,SANTIAGO,PLANTA LA NORIEGA,47,"95,30","0,60"
2020,MARZO,REPUBLICA DOMINICANA,SANTIAGO,PLANTA 10 MGD,34,"99,40","1,00"
2020,MARZO,REPUBLICA DOMINICANA,SANTIAGO,PLANTA 25 MGD,36,"100,00","1,10"
2020,MARZO,REPUBLICA DOMINICANA,SANTIAGO,VILLA GONZALEZ,2,"100,00","1,00"
2020,MARZO,REPUBLICA DOMINICANA,SANTIAGO,VILLA GONZALEZ II,2,"100,00","1,30"
2020,ABRIL,REPUBLICA DOMINICANA,SANTIAGO,PLANTA LA NORIEGA,41,"100,00","0,50"
2020,ABRIL,REPUBLICA DOMINICANA,SANTIAGO,PLANTA 10 MGD,32,"100,00","1,20"
2020,ABRIL,REPUBLICA DOMINICANA,SANTIAGO,PLANTA 25 MGD,32,"100,00","1,10"
2020,ABRIL,REPUBLICA DOMINICANA,SANTIAGO,VILLA GONZALEZ,1,"100,00","1,20"
2020,ABRIL,REPUBLICA DOMINICANA,SANTIAGO,VILLA GONZALEZ II,1,"100,00","0,60"
2020,MAYO,REPUBLICA DOMINICANA,SANTIAGO,PLANTA LA NORIEGA,45,"95,60","0,90"
2020,MAYO,REPUBLICA DOMINICANA,SANTIAGO,PLANTA 10 MGD,31,"97,40","1,10"
2020,MAYO,REPUBLICA DOMINICANA,SANTIAGO,PLANTA 25 MGD,31,"98,70","1,20"
2020,MAYO,REPUBLICA DOMINICANA,SANTIAGO,VILLA GONZALEZ,2,"100,00","0,60"
2020,MAYO,REPUBLICA DOMINICANA,SANTIAGO,VILLA GONZALEZ II,2,"100,00","1,10"
2020,JUNIO,REPUBLICA DOMINICANA,SANTIAGO,PLANTA LA NORIEGA,45,"100,00","1,10"
2020,JUNIO,REPUBLICA DOMINICANA,SANTIAGO,PLANTA 10 MGD,35,"97,10","1,10"
2020,JUNIO,REPUBLICA DOMINICANA,SANTIAGO,VILLA GONZALEZ,3,"100,00","0,90"
2020,JUNIO,REPUBLICA DOMINICANA,SANTIAGO,VILLA GONZALEZ II,3,"93,30","0,70"
2020,JUNIO,REPUBLICA DOMINICANA,SANTIAGO,PLANTA 25 MGD,35,"100,00","1,20"
2020,JULIO,REPUBLICA DOMINICANA,SANTIAGO,PLANTA LA NORIEGA,46,"100,00","1,00"
2020,JULIO,REPUBLICA DOMINICANA,SANTIAGO,PLANTA 10 MGD,46,"100,00","1,20"
2020,JULIO,REPUBLICA DOMINICANA,SANTIAGO,PLANTA 25 MGD,46,"100,00","1,20"
2020,JULIO,REPUBLICA DOMINICANA,SANTIAGO,VILLA GONZALEZ,4,"100,00","1,00"
2020,JULIO,REPUBLICA DOMINICANA,SANTIAGO,VILLA GONZALEZ II,3,"100,00","1,20"
2020,AGOSTO,REPUBLICA DOMINICANA,SANTIAGO,PLANTA LA NORIEGA,46,"100,00","1,10"
2020,AGOSTO,REPUBLICA DOMINICANA,SANTIAGO,PLANTA 10 MGD,32,"100,00","1,30"
2020,AGOSTO,REPUBLICA DOMINICANA,SANTIAGO,PLANTA 25 MGD,33,"100,00","1,10"
2020,AGOSTO,REPUBLICA DOMINICANA,SANTIAGO,VILLA GONZALEZ,4,"100,00","1,00"
2020,AGOSTO,REPUBLICA DOMINICANA,SANTIAGO,VILLA GONZALEZ II,4,"100,00","0,80"
2020,SEPTIEMBRE,REPUBLICA DOMINICANA,SANTIAGO,PLANTA LA NORIEGA,46,"100,00","1,10"
2020,SEPTIEMBRE,REPUBLICA DOMINICANA,SANTIAGO,PLANTA 10 MGD,41,"99,00","1,30"
2020,SEPTIEMBRE,REPUBLICA DOMINICANA,SANTIAGO,PLANTA 25 MGD,43,"99,50","1,30"
2020,SEPTIEMBRE,REPUBLICA DOMINICANA,SANTIAGO,VILLA GONZALEZ,4,"100,00","0,70"
2020,SEPTIEMBRE,REPUBLICA DOMINICANA,SANTIAGO,VILLA GONZALEZ II,4,"100,00","1,20"
2020,OCTUBRE,REPUBLICA DOMINICANA,SANTIAGO,PLANTA LA NORIEGA,48,"100,00","1,10"
2020,OCTUBRE,REPUBLICA DOMINICANA,SANTIAGO,PLANTA 25 MGD,45,"97,40","1,30"
2020,OCTUBRE,REPUBLICA DOMINICANA,SANTIAGO,PLANTA 10 MGD,45,"100,00","1,30"
2020,OCTUBRE,REPUBLICA DOMINICANA,SANTIAGO,VILLA GONZALEZ,4,"100,00","0,80"
2020,OCTUBRE,REPUBLICA DOMINICANA,SANTIAGO,VILLA GONZALEZ II,4,"100,00","1,00"
2020,NOVIEMBRE,REPUBLICA DOMINICANA,SANTIAGO,PLANTA LA NORIEGA,42,"100,00","1,10"
2020,NOVIEMBRE,REPUBLICA DOMINICANA,SANTIAGO,PLANTA 10 MGD,39,"97,90","1,20"
2020,NOVIEMBRE,REPUBLICA DOMINICANA,SANTIAGO,PLANTA 25 MGD,39,"99,90","1,20"
2020,NOVIEMBRE,REPUBLICA DOMINICANA,SANTIAGO,VILLA GONZALEZ,3,"100,00","0,80"
2020,NOVIEMBRE,REPUBLICA DOMINICANA,SANTIAGO,VILLA GONZALEZ II,3,"100,00","0,60"
2020,DICIEMBRE,REPUBLICA DOMINICANA,SANTIAGO,PLANTA LA NORIEGA,37,"100,00","1,00"
2020,DICIEMBRE,REPUBLICA DOMINICANA,SANTIAGO,PLANTA 10 MGD,33,"97,10","1,30"
2020,DICIEMBRE,REPUBLICA DOMINICANA,SANTIAGO,PLANTA 25 MGD,33,"100,00","1,30"
2020,DICIEMBRE,REPUBLICA DOMINICANA,SANTIAGO,VILLA GONZALEZ,3,"100,00","1,10"
2020,DICIEMBRE,REPUBLICA DOMINICANA,SANTIAGO,VILLA GONZALEZ II,3,"100,00","1,30"
2021,ENERO,REPUBLICA DOMINICANA,SANTIAGO,PLANTA LA NORIEGA,30,"100,00","1,10"
2021,ENERO,REPUBLICA DOMINICANA,SANTIAGO,PLANTA 10 MGD,28,"97,10","1,30"
2021,ENERO,REPUBLICA DOMINICANA,SANTIAGO,PLANTA 25 MGD,28,"100,00","1,20"
2021,ENERO,REPUBLICA DOMINICANA,SANTIAGO,VILLA GONZALEZ,3,"100,00","1,20"
2021,ENERO,REPUBLICA DOMINICANA,SANTIAGO,VILLA GONZALEZ II,4,"100,00","1,00"
2021,FEBRERO,REPUBLICA DOMINICANA,SANTIAGO,PLANTA 10 MGD,26,"100,00","1,30"
2021,FEBRERO,REPUBLICA DOMINICANA,SANTIAGO,PLANTA 25 MGD,26,"100,00","1,40"
2021,FEBRERO,REPUBLICA DOMINICANA,SANTIAGO,VILLA GONZALEZ,3,"100,00","1,10"
2021,FEBRERO,REPUBLICA DOMINICANA,SANTIAGO,VILLA GONZALEZ II,3,"100,00","1,00"
2021,FEBRERO,REPUBLICA DOMINICANA,SANTIAGO,PLANTA LA NORIEGA,29,"100,00","1,00"
2021,MARZO,REPUBLICA DOMINICANA,SANTIAGO,PLANTA LA NORIEGA,40,"100,00","0,90"
2021,MARZO,REPUBLICA DOMINICANA,SANTIAGO,PLANTA 10 MGD,45,"100,00","1,20"
2021,MARZO,REPUBLICA DOMINICANA,SANTIAGO,PLANTA 25 MGD,46,"100,00","1,30"
2021,MARZO,REPUBLICA DOMINICANA,SANTIAGO,VILLA GONZALEZ,3,"100,00","1,00"
2021,MARZO,REPUBLICA DOMINICANA,SANTIAGO,VILLA GONZALEZ II,3,"100,00","1,20"
2021,ABRIL,REPUBLICA DOMINICANA,SANTIAGO,PLANTA LA NORIEGA,20,"95,00","0,70"
2021,ABRIL,REPUBLICA DOMINICANA,SANTIAGO,PLANTA 10 MGD,21,"100,00","1,20"
2021,ABRIL,REPUBLICA DOMINICANA,SANTIAGO,PLANTA 25 MGD,21,"100,00","1,10"
2021,ABRIL,REPUBLICA DOMINICANA,SANTIAGO,VILLA GONZALEZ,1,"100,00","1,30"
2021,ABRIL,REPUBLICA DOMINICANA,SANTIAGO,VILLA GONZALEZ II,1,"100,00","1,60"
2021,MAYO,REPUBLICA DOMINICANA,SANTIAGO,PLANTA LA NORIEGA,37,"100,00","1,00"
2021,MAYO,REPUBLICA DOMINICANA,SANTIAGO,PLANTA 10 MGD,38,"100,00","1,20"
2021,MAYO,REPUBLICA DOMINICANA,SANTIAGO,PLANTA 25 MGD,38,"100,00","1,20"
2021,MAYO,REPUBLICA DOMINICANA,SANTIAGO,VILLA GONZALEZ,3,"100,00","1,10"
2021,MAYO,REPUBLICA DOMINICANA,SANTIAGO,VILLA GONZALEZ II,3,"100,00","1,50"
2021,JUNIO,REPUBLICA DOMINICANA,SANTIAGO,PLANTA LA NORIEGA,39,"100,00","1,10"
2021,JUNIO,REPUBLICA DOMINICANA,SANTIAGO,PLANTA 10 MGD,35,"96,60","1,40"
2021,JUNIO,REPUBLICA DOMINICANA,SANTIAGO,PLANTA 25 MGD,37,"100,00","1,50"
2021,JUNIO,REPUBLICA DOMINICANA,SANTIAGO,VILLA GONZALEZ,1,"100,00","1,60"
2021,JUNIO,REPUBLICA DOMINICANA,SANTIAGO,VILLA GONZALEZ II,1,"100,00","1,60"
2021,JULIO,REPUBLICA DOMINICANA,SANTIAGO,PLANTA LA NORIEGA,44,"100,00","0,90"
2021,JULIO,REPUBLICA DOMINICANA,SANTIAGO,PLANTA 10 MGD,46,"99,60","1,20"
2021,JULIO,REPUBLICA DOMINICANA,SANTIAGO,PLANTA 25 MGD,48,"99,60","1,40"
2021,JULIO,REPUBLICA DOMINICANA,SANTIAGO,VILLA GONZALEZ,2,"100,00","1,30"
2021,JULIO,REPUBLICA DOMINICANA,SANTIAGO,VILLA GONZALEZ II,2,"50,00","0,80"
2021,AGOSTO,REPUBLICA DOMINICANA,SANTIAGO,PLANTA LA NORIEGA,43,"100,00","1,10"
2021,AGOSTO,REPUBLICA DOMINICANA,SANTIAGO,PLANTA 10 MGD,38,"100,00","1,20"
2021,AGOSTO,REPUBLICA DOMINICANA,SANTIAGO,PLANTA 25 MGD,38,"98,40","1,30"
2021,AGOSTO,REPUBLICA DOMINICANA,SANTIAGO,VILLA GONZALEZ,2,"100,00","1,50"
2021,AGOSTO,REPUBLICA DOMINICANA,SANTIAGO,VILLA GONZALEZ II,2,"50,00","0,80"
2021,SEPTIEMBRE,REPUBLICA DOMINICANA,SANTIAGO,PLANTA LA NORIEGA,28,"100,00","1,10"
2021,SEPTIEMBRE,REPUBLICA DOMINICANA,SANTIAGO,PLANTA 10 MGD,29,"97,20","1,20"
2021,SEPTIEMBRE,REPUBLICA DOMINICANA,SANTIAGO,PLANTA 25 MGD,29,"100,00","1,20"
2021,SEPTIEMBRE,REPUBLICA DOMINICANA,SANTIAGO,VILLA GONZALEZ,2,"100,00","0,60"
2021,SEPTIEMBRE,REPUBLICA DOMINICANA,SANTIAGO,VILLA GONZALEZ II,2,"100,00","0,60"
2021,OCTUBRE,REPUBLICA DOMINICANA,SANTIAGO,PLANTA LA NORIEGA,19,"100,00","0,80"
2021,OCTUBRE,REPUBLICA DOMINICANA,SANTIAGO,PLANTA 25 MGD,21,"100,00","1,30"
2021,OCTUBRE,REPUBLICA DOMINICANA,SANTIAGO,PLANTA 10 MGD,19,"100,00","1,10"
2021,OCTUBRE,REPUBLICA DOMINICANA,SANTIAGO,VILLA GONZALEZ,1,"100,00","1,40"
2021,OCTUBRE,REPUBLICA DOMINICANA,SANTIAGO,VILLA GONZALEZ II,1,"100,00","0,80"
2021,NOVIEMBRE,REPUBLICA DOMINICANA,SANTIAGO,PLANTA LA NORIEGA,43,"100,00","1,00"
2021,NOVIEMBRE,REPUBLICA DOMINICANA,SANTIAGO,PLANTA 10 MGD,43,"99,10","1,10"
2021,NOVIEMBRE,REPUBLICA DOMINICANA,SANTIAGO,PLANTA 25 MGD,43,"99,10","1,30"
2021,NOVIEMBRE,REPUBLICA DOMINICANA,SANTIAGO,VILLA GONZALEZ,1,"100,00","1,60"
2021,NOVIEMBRE,REPUBLICA DOMINICANA,SANTIAGO,VILLA GONZALEZ II,1,"100,00","0,70"
2021,DICIEMBRE,REPUBLICA DOMINICANA,SANTIAGO,PLANTA LA NORIEGA,35,"100,00","1,00"
2021,DICIEMBRE,REPUBLICA DOMINICANA,SANTIAGO,PLANTA 10 MGD,30,"93,50","1,10"
2021,DICIEMBRE,REPUBLICA DOMINICANA,SANTIAGO,PLANTA 25 MGD,33,"100,00","1,40"
2021,DICIEMBRE,REPUBLICA DOMINICANA,SANTIAGO,VILLA GONZALEZ,1,"100,00","1,40"
2021,DICIEMBRE,REPUBLICA DOMINICANA,SANTIAGO,VILLA GONZALEZ II,1,"100,00","1,20"
2022,ENERO,REPUBLICA DOMINICANA,SANTIAGO,PLANTA LA NORIEGA,32,"100,00","1,00"
2022,ENERO,REPUBLICA DOMINICANA,SANTIAGO,PLANTA 10 MGD,30,"100,00","1,10"
2022,ENERO,REPUBLICA DOMINICANA,SANTIAGO,PLANTA 25 MGD,32,"97,50","1,40"
2022,ENERO,REPUBLICA DOMINICANA,SANTIAGO,VILLA GONZALEZ,4,"100,00","1,40"
2022,ENERO,REPUBLICA DOMINICANA,SANTIAGO,VILLA GONZALEZ II,4,"100,00","0,80"
2022,FEBRERO,REPUBLICA DOMINICANA,SANTIAGO,PLANTA LA NORIEGA,32,"100,00","0,90"
2022,FEBRERO,REPUBLICA DOMINICANA,SANTIAGO,PLANTA 10 MGD,31,"100,00","1,20"
2022,FEBRERO,REPUBLICA DOMINICANA,SANTIAGO,PLANTA 25 MGD,31,"100,00","1,50"
2022,MARZO,REPUBLICA DOMINICANA,SANTIAGO,PLANTA LA NORIEGA,44,"100,00","0,80"
2022,MARZO,REPUBLICA DOMINICANA,SANTIAGO,PLANTA 10 MGD,41,"99,00","1,10"
2022,MARZO,REPUBLICA DOMINICANA,SANTIAGO,PLANTA 25 MGD,43,"100,00","1,20"
2022,MARZO,REPUBLICA DOMINICANA,SANTIAGO,VILLA GONZALEZ,2,"100,00","1,10"
2022,MARZO,REPUBLICA DOMINICANA,SANTIAGO,VILLA GONZALEZ II,2,"100,00","0,90"
2022,ABRIL,REPUBLICA DOMINICANA,SANTIAGO,PLANTA LA NORIEGA,26,"98,50","0,80"
2022,ABRIL,REPUBLICA DOMINICANA,SANTIAGO,PLANTA 10 MGD,26,"96,20","0,90"
2022,ABRIL,REPUBLICA DOMINICANA,SANTIAGO,PLANTA 25 MGD,27,"100,00","1,10"
2022,ABRIL,REPUBLICA DOMINICANA,SANTIAGO,VILLA GONZALEZ,3,"100,00","1,10"
2022,ABRIL,REPUBLICA DOMINICANA,SANTIAGO,VILLA GONZALEZ II,3,"100,00","1,10"
2022,MAYO,REPUBLICA DOMINICANA,SANTIAGO,PLANTA LA NORIEGA,23,"100,00","0,70"
2022,MAYO,REPUBLICA DOMINICANA,SANTIAGO,PLANTA 10 MGD,24,"100,00","0,90"
2022,MAYO,REPUBLICA DOMINICANA,SANTIAGO,PLANTA 25 MGD,24,"100,00","1,20"
2022,JUNIO,REPUBLICA DOMINICANA,SANTIAGO,PLANTA LA NORIEGA,25,"100,00","0,70"
2022,JUNIO,REPUBLICA DOMINICANA,SANTIAGO,PLANTA 10 MGD,24,"100,00","1,10"
2022,JUNIO,REPUBLICA DOMINICANA,SANTIAGO,PLANTA 25 MGD,24,"100,00","1,00"
2022,JULIO,REPUBLICA DOMINICANA,SANTIAGO,PLANTA LA NORIEGA,35,"100,00","0,70"
2022,JULIO,REPUBLICA DOMINICANA,SANTIAGO,PLANTA 10 MGD,35,"100,00","0,90"
2022,JULIO,REPUBLICA DOMINICANA,SANTIAGO,PLANTA 25 MGD,36,"100,00","0,90"
2022,AGOSTO,REPUBLICA DOMINICANA,SANTIAGO,PLANTA LA NORIEGA,43,"99,50","0,80"
2022,AGOSTO,REPUBLICA DOMINICANA,SANTIAGO,PLANTA 25 MGD,41,"100,00","1,00"
2022,AGOSTO,REPUBLICA DOMINICANA,SANTIAGO,PLANTA 10 MGD,40,"100,00","1,00"
2022,AGOSTO,REPUBLICA DOMINICANA,SANTIAGO,VILLA GONZALEZ,2,"100,00","1,00"
2022,AGOSTO,REPUBLICA DOMINICANA,SANTIAGO,VILLA GONZALEZ II,2,"100,00","1,40"
2022,SEPTIEMBRE,REPUBLICA DOMINICANA,SANTIAGO,PLANTA LA NORIEGA,42,"100,00","0,80"
2022,SEPTIEMBRE,REPUBLICA DOMINICANA,SANTIAGO,PLANTA 10 MGD,37,"100,00","1,10"
2022,SEPTIEMBRE,REPUBLICA DOMINICANA,SANTIAGO,PLANTA 25 MGD,40,"100,00","1,10"
2022,SEPTIEMBRE,REPUBLICA DOMINICANA,SANTIAGO,VILLA GONZALEZ,1,"100,00","1,60"
2022,SEPTIEMBRE,REPUBLICA DOMINICANA,SANTIAGO,VILLA GONZALEZ II,1,"100,00","1,40"
2022,OCTUBRE,REPUBLICA DOMINICANA,SANTIAGO,PLANTA LA NORIEGA,43,"100,00","0,70"
2022,OCTUBRE,REPUBLICA DOMINICANA,SANTIAGO,PLANTA 25 MGD,40,"100,00","1,20"
2022,OCTUBRE,REPUBLICA DOMINICANA,SANTIAGO,PLANTA 10 MGD,41,"100,00","1,00"
2022,OCTUBRE,REPUBLICA DOMINICANA,SANTIAGO,VILLA GONZALEZ,3,"100,00","1,00"
2022,OCTUBRE,REPUBLICA DOMINICANA,SANTIAGO,VILLA GONZALEZ II,3,"100,00","1,20"
2022,NOVIEMBRE,REPUBLICA DOMINICANA,SANTIAGO,PLANTA LA NORIEGA,4000,"97,00","0,60"
2022,NOVIEMBRE,REPUBLICA DOMINICANA,SANTIAGO,PLANTA 10 MGD,4000,"100,00","1,20"
2022,NOVIEMBRE,REPUBLICA DOMINICANA,SANTIAGO,PLANTA 25 MGD,4000,"100,00","1,20"
2022,NOVIEMBRE,REPUBLICA DOMINICANA,SANTIAGO,VILLA GONZALEZ,300,"100,00","1,30"
2022,NOVIEMBRE,REPUBLICA DOMINICANA,SANTIAGO,VILLA GONZALEZ II,300,"100,00","1,30"
2022,DICIEMBRE,REPUBLICA DOMINICANA,SANTIAGO,PLANTA LA NORIEGA,36,"100,00","0,50"
2022,DICIEMBRE,REPUBLICA DOMINICANA,SANTIAGO,PLANTA 10 MGD,37,"99,00","1,20"
2022,DICIEMBRE,REPUBLICA DOMINICANA,SANTIAGO,PLANTA 25 MGD,37,"100,00","1,10"
2022,DICIEMBRE,REPUBLICA DOMINICANA,SANTIAGO,VILLA GONZALEZ,2,"100,00","1,20"
2022,DICIEMBRE,REPUBLICA DOMINICANA,SANTIAGO,VILLA GONZALEZ II,2,"100,00","1,30"
2023,ENERO,REPUBLICA DOMINICANA,SANTIAGO,PLANTA LA NORIEGA,29,"96,70","0,60"
2023,ENERO,REPUBLICA DOMINICANA,SANTIAGO,PLANTA 10 MGD,30,"100,00","1,30"
2023,ENERO,REPUBLICA DOMINICANA,SANTIAGO,PLANTA 25 MGD,30,"100,00","1,20"
2023,ENERO,REPUBLICA DOMINICANA,SANTIAGO,VILLA GONZALEZ,1,"100,00","1,10"
2023,ENERO,REPUBLICA DOMINICANA,SANTIAGO,VILLA GONZALEZ II,1,"100,00","1,40"
2023,FEBRERO,REPUBLICA DOMINICANA,SANTIAGO,PLANTA LA NORIEGA,41,"98,60","0,90"
2023,FEBRERO,REPUBLICA DOMINICANA,SANTIAGO,PLANTA 10 MGD,44,"100,00","1,10"
2023,FEBRERO,REPUBLICA DOMINICANA,SANTIAGO,PLANTA 25 MGD,45,"100,00","1,00"
2023,FEBRERO,REPUBLICA DOMINICANA,SANTIAGO,VILLA GONZALEZ,2,"100,00","0,40"
2023,FEBRERO,REPUBLICA DOMINICANA,SANTIAGO,VILLA GONZALEZ II,2,"100,00","1,60"
2023,MARZO,REPUBLICA DOMINICANA,SANTIAGO,PLANTA LA NORIEGA,50,"100,00","0,90"
2023,MARZO,REPUBLICA DOMINICANA,SANTIAGO,PLANTA 10 MGD,48,"99,40","1,10"
2023,MARZO,REPUBLICA DOMINICANA,SANTIAGO,PLANTA 25 MGD,49,"99,40","1,60"
2023,MARZO,REPUBLICA DOMINICANA,SANTIAGO,VILLA GONZALEZ,1,"100,00","0,50"
2023,MARZO,REPUBLICA DOMINICANA,SANTIAGO,VILLA GONZALEZ II,1,"100,00","0,90"
2023,ABRIL,REPUBLICA DOMINICANA,SANTIAGO,PLANTA LA NORIEGA,24,"99,60","0,90"
2023,ABRIL,REPUBLICA DOMINICANA,SANTIAGO,PLANTA 10 MGD,27,"100,00","1,20"
2023,ABRIL,REPUBLICA DOMINICANA,SANTIAGO,PLANTA 25 MGD,26,"100,00","1,40"
2023,MAYO,REPUBLICA DOMINICANA,SANTIAGO,PLANTA LA NORIEGA,39,"99,00","0,80"
2023,MAYO,REPUBLICA DOMINICANA,SANTIAGO,PLANTA 10 MGD,39,"98,00","1,10"
2023,MAYO,REPUBLICA DOMINICANA,SANTIAGO,PLANTA 25 MGD,39,"99,00","1,20"
2023,MAYO,REPUBLICA DOMINICANA,SANTIAGO,VILLA GONZALEZ,2,"100,00","0,80"
2023,MAYO,REPUBLICA DOMINICANA,SANTIAGO,VILLA GONZALEZ II,2,"100,00","1,30"
2023,JUNIO,REPUBLICA DOMINICANA,SANTIAGO,PLANTA LA NORIEGA,46,"100,00","0,80"
2023,JUNIO,REPUBLICA DOMINICANA,SANTIAGO,PLANTA 10 MGD,47,"100,00","1,10"
2023,JUNIO,REPUBLICA DOMINICANA,SANTIAGO,PLANTA 25 MGD,49,"99,00","1,20"
2023,JUNIO,REPUBLICA DOMINICANA,SANTIAGO,VILLA GONZALEZ,2,"100,00","1,10"
2023,JUNIO,REPUBLICA DOMINICANA,SANTIAGO,VILLA GONZALEZ II,2,"100,00","1,30"
2023,JULIO,REPUBLICA DOMINICANA,SANTIAGO,PLANTA LA NORIEGA,44,"98,00","0,80"
2023,JULIO,REPUBLICA DOMINICANA,SANTIAGO,PLANTA 10 MGD,43,"95,00","1,30"
2023,JULIO,REPUBLICA DOMINICANA,SANTIAGO,PLANTA 25 MGD,46,"97,00","1,50"
2023,JULIO,REPUBLICA DOMINICANA,SANTIAGO,VILLA GONZALEZ,2,"100,00","1,50"
2023,JULIO,REPUBLICA DOMINICANA,SANTIAGO,VILLA GONZALEZ II,2,"100,00","0,80"
2023,AGOSTO,REPUBLICA DOMINICANA,SANTIAGO,PLANTA LA NORIEGA,43,"100,00","0,90"
2023,AGOSTO,REPUBLICA DOMINICANA,SANTIAGO,PLANTA 10 MGD,42,"99,30","1,30"
2023,AGOSTO,REPUBLICA DOMINICANA,SANTIAGO,PLANTA 25 MGD,43,"97,70","1,50"
2023,SEPTIEMBRE,REPUBLICA DOMINICANA,SANTIAGO,PLANTA LA NORIEGA,43,"99,00","0,90"
2023,SEPTIEMBRE,REPUBLICA DOMINICANA,SANTIAGO,PLANTA 25 MGD,43,"100,00","1,60"
2023,SEPTIEMBRE,REPUBLICA DOMINICANA,SANTIAGO,PLANTA 10 MGD,43,"99,00","1,20"
2023,SEPTIEMBRE,REPUBLICA DOMINICANA,SANTIAGO,VILLA GONZALEZ,2,"100,00","1,30"
2023,SEPTIEMBRE,REPUBLICA DOMINICANA,SANTIAGO,VILLA GONZALEZ II,2,"100,00","1,30"
2023,OCTUBRE,REPUBLICA DOMINICANA,SANTIAGO,VILLA GONZALEZ,1,"100,00","1,80"
2023,OCTUBRE,REPUBLICA DOMINICANA,SANTIAGO,VILLA GONZALEZ II,1,"100,00","1,10"
2023,OCTUBRE,REPUBLICA DOMINICANA,SANTIAGO,PLANTA 25 MGD,41,"100,00","1,20"
2023,OCTUBRE,REPUBLICA DOMINICANA,SANTIAGO,PLANTA 10 MGD,41,"100,00","1,10"
2023,OCTUBRE,REPUBLICA DOMINICANA,SANTIAGO,PLANTA LA NORIEGA,45,"100,00","0,80"
2023,NOVIEMBRE,REPUBLICA DOMINICANA,SANTIAGO,PLANTA LA NORIEGA,43,"99,30","0,60"
2023,NOVIEMBRE,REPUBLICA DOMINICANA,SANTIAGO,PLANTA 10 MGD,43,"96,00","1,20"
2023,NOVIEMBRE,REPUBLICA DOMINICANA,SANTIAGO,PLANTA 25 MGD,44,"100,00","0,70"
2023,NOVIEMBRE,REPUBLICA DOMINICANA,SANTIAGO,VILLA GONZALEZ,1,"100,00","0,60"
2023,NOVIEMBRE,REPUBLICA DOMINICANA,SANTIAGO,VILLA GONZALEZ II,1,"100,00","1,10"
2023,DICIEMBRE,REPUBLICA DOMINICANA,SANTIAGO,PLANTA LA NORIEGA,43,"100,00","0,07"
2023,DICIEMBRE,REPUBLICA DOMINICANA,SANTIAGO,PLANTA 10 MGD,37,"100,00","0,13"
2023,DICIEMBRE,REPUBLICA DOMINICANA,SANTIAGO,PLANTA 25 MGD,37,"99,50","0,06"
2023,DICIEMBRE,REPUBLICA DOMINICANA,SANTIAGO,VILLA GONZALEZ,1,"100,00","0,13"
2024,ENERO,REPUBLICA DOMINICANA,SANTIAGO,PLANTA LA NORIEGA,45,"100,00","0,80"
2024,ENERO,REPUBLICA DOMINICANA,SANTIAGO,PLANTA 10 MGD,42,"99,00","1,30"
2024,ENERO,REPUBLICA DOMINICANA,SANTIAGO,PLANTA 25 MGD,42,"100,00","0,80"
2024,ENERO,REPUBLICA DOMINICANA,SANTIAGO,VILLA GONZALEZ,3,"100,00","1,20"
2024,ENERO,REPUBLICA DOMINICANA,SANTIAGO,VILLA GONZALEZ II,3,"100,00","1,10"
2024,FEBRERO,REPUBLICA DOMINICANA,SANTIAGO,PLANTA LA NORIEGA,37,"97,00","1,00"
2024,FEBRERO,REPUBLICA DOMINICANA,SANTIAGO,PLANTA 10 MGD,41,"95,00","1,30"
2024,FEBRERO,REPUBLICA DOMINICANA,SANTIAGO,PLANTA 25 MGD,41,"92,00","0,90"
2024,FEBRERO,REPUBLICA DOMINICANA,SANTIAGO,VILLA GONZALEZ,1,"100,00","1,30"
2024,FEBRERO,REPUBLICA DOMINICANA,SANTIAGO,VILLA GONZALEZ II,1,"100,00","0,60"
2024,MARZO,REPUBLICA DOMINICANA,SANTIAGO,PLANTA LA NORIEGA,37,"99,70","0,90"
2024,MARZO,REPUBLICA DOMINICANA,SANTIAGO,PLANTA 10 MGD,38,"100,00","1,20"
2024,MARZO,REPUBLICA DOMINICANA,SANTIAGO,PLANTA 25 MGD,38,"100,00","0,80"
2024,MARZO,REPUBLICA DOMINICANA,SANTIAGO,VILLA GONZALEZ,2,"100,00","0,80"
2024,MARZO,REPUBLICA DOMINICANA,SANTIAGO,VILLA GONZALEZ II,2,"100,00","0,70"
2024,ABRIL,REPUBLICA DOMINICANA,SANTIAGO,PLANTA LA NORIEGA,44,"100,00","1,00"
2024,ABRIL,REPUBLICA DOMINICANA,SANTIAGO,PLANTA 10 MGD,41,"100,00","1,20"
2024,ABRIL,REPUBLICA DOMINICANA,SANTIAGO,PLANTA 25 MGD,43,"99,50","0,80"
2024,ABRIL,REPUBLICA DOMINICANA,SANTIAGO,VILLA GONZALEZ,3,"80,00","1,10"
2024,ABRIL,REPUBLICA DOMINICANA,SANTIAGO,VILLA GONZALEZ II,3,"100,00","1,50"
2024,MAYO,REPUBLICA DOMINICANA,SANTIAGO,PLANTA LA NORIEGA,46,"99,00","0,70"
2024,MAYO,REPUBLICA DOMINICANA,SANTIAGO,PLANTA 10 MGD,40,"100,00","1,30"
2024,MAYO,REPUBLICA DOMINICANA,SANTIAGO,PLANTA 25 MGD,40,"100,00","0,90"
2024,MAYO,REPUBLICA DOMINICANA,SANTIAGO,VILLA GONZALEZ,3,"100,00","2,50"
2024,MAYO,REPUBLICA DOMINICANA,SANTIAGO,VILLA GONZALEZ II,3,"100,00","4,30"
2024,JUNIO,REPUBLICA DOMINICANA,SANTIAGO,PLANTA LA NORIEGA,43,"98,50","0,90"
2024,JUNIO,REPUBLICA DOMINICANA,SANTIAGO,PLANTA 10 MGD,43,"99,70","1,20"
2024,JUNIO,REPUBLICA DOMINICANA,SANTIAGO,PLANTA 25 MGD,43,"100,00","1,10"
2024,JUNIO,REPUBLICA DOMINICANA,SANTIAGO,VILLA GONZALEZ,2,"100,00","2,20"
2024,JUNIO,REPUBLICA DOMINICANA,SANTIAGO,VILLA GONZALEZ II,2,"100,00","1,30"
2024,JULIO,REPUBLICA DOMINICANA,SANTIAGO,PLANTA LA NORIEGA,48,"97,80","1,20"
2024,JULIO,REPUBLICA DOMINICANA,SANTIAGO,PLANTA 10 MGD,47,"99,70","1,40"
2024,JULIO,REPUBLICA DOMINICANA,SANTIAGO,PLANTA 25 MGD,48,"99,70","1,00"
2024,AGOSTO,REPUBLICA DOMINICANA,SANTIAGO,PLANTA LA NORIEGA,43,"94,00","1,10"
2024,AGOSTO,REPUBLICA DOMINICANA,SANTIAGO,PLANTA 10 MGD,43,"100,00","1,50"
2024,AGOSTO,REPUBLICA DOMINICANA,SANTIAGO,PLANTA 25 MGD,43,"100,00","1,20"
2024,AGOSTO,REPUBLICA DOMINICANA,SANTIAGO,VILLA GONZALEZ,1,"100,00","0,50"
2024,AGOSTO,REPUBLICA DOMINICANA,SANTIAGO,VILLA GONZALEZ II,1,"100,00","0,70"
2024,SEPTIEMBRE,REPUBLICA DOMINICANA,SANTIAGO,PLANTA LA NORIEGA,44,"99,70","1,10"
2024,SEPTIEMBRE,REPUBLICA DOMINICANA,SANTIAGO,PLANTA 10 MGD,44,"99,00","1,30"
2024,SEPTIEMBRE,REPUBLICA DOMINICANA,SANTIAGO,PLANTA 25 MGD,44,"98,00","1,40"
2024,SEPTIEMBRE,REPUBLICA DOMINICANA,SANTIAGO,VILLA GONZALEZ,1,"100,00","0,30"
2024,SEPTIEMBRE,REPUBLICA DOMINICANA,SANTIAGO,VILLA GONZALEZ II,1,"50,00","1,80"
2024,OCTUBRE,REPUBLICA DOMINICANA,SANTIAGO,PLANTA LA NORIEGA,48,"99,70","1,20"
2024,OCTUBRE,REPUBLICA DOMINICANA,SANTIAGO,PLANTA 25 MGD,50,"99,70","1,70"
2024,OCTUBRE,REPUBLICA DOMINICANA,SANTIAGO,PLANTA 10 MGD,50,"100,00","1,30"
2024,OCTUBRE,REPUBLICA DOMINICANA,SANTIAGO,VILLA GONZALEZ,2,"100,00","2,10"
2024,OCTUBRE,REPUBLICA DOMINICANA,SANTIAGO,VILLA GONZALEZ II,2,"100,00","1,60"
2024,NOVIEMBRE,REPUBLICA DOMINICANA,SANTIAGO,PLANTA LA NORIEGA,45,"100,00","1,10"
2024,NOVIEMBRE,REPUBLICA DOMINICANA,SANTIAGO,PLANTA 10 MGD,41,"100,00","1,30"
2024,NOVIEMBRE,REPUBLICA DOMINICANA,SANTIAGO,PLANTA 25 MGD,41,"99,70","1,40"
2024,NOVIEMBRE,REPUBLICA DOMINICANA,SANTIAGO,VILLA GONZALEZ,2,"100,00","0,60"
2024,NOVIEMBRE,REPUBLICA DOMINICANA,SANTIAGO,VILLA GONZALEZ II,2,"100,00","0,90"
2024,DICIEMBRE,REPUBLICA DOMINICANA,SANTIAGO,PLANTA 25 MGD,29,"100,00","1,50"
2024,DICIEMBRE,REPUBLICA DOMINICANA,SANTIAGO,PLANTA 10 MGD,28,"100,00","1,20"
2024,DICIEMBRE,REPUBLICA DOMINICANA,SANTIAGO,PLANTA LA NORIEGA,36,"100,00","1,00"
2024,DICIEMBRE,REPUBLICA DOMINICANA,SANTIAGO,VILLA GONZALEZ,2,"67,00","0,80"
2024,DICIEMBRE,REPUBLICA DOMINICANA,SANTIAGO,VILLA GONZALEZ II,2,"92,00","2,50"
2025,ENERO,REPUBLICA DOMINICANA,SANTIAGO,PLANTA LA NORIEGA,43,"97,00","0,90"
2025,ENERO,REPUBLICA DOMINICANA,SANTIAGO,PLANTA 25 MGD,38,"100,00","1,30"
2025,ENERO,REPUBLICA DOMINICANA,SANTIAGO,PLANTA 10 MGD,38,"100,00","1,20"
2025,ENERO,REPUBLICA DOMINICANA,SANTIAGO,VILLA GONZALEZ,3,"100,00","1,50"
2025,ENERO,REPUBLICA DOMINICANA,SANTIAGO,VILLA GONZALEZ II,2,"100,00","1,60"
2025,FEBRERO,REPUBLICA DOMINICANA,SANTIAGO,PLANTA LA NORIEGA,37,"100,00","1,00"
2025,FEBRERO,REPUBLICA DOMINICANA,SANTIAGO,PLANTA 25 MGD,39,"100,00","1,30"
2025,FEBRERO,REPUBLICA DOMINICANA,SANTIAGO,PLANTA 10 MGD,39,"100,00","1,20"
2025,FEBRERO,REPUBLICA DOMINICANA,SANTIAGO,VILLA GONZALEZ,2,"100,00","1,30"
2025,FEBRERO,REPUBLICA DOMINICANA,SANTIAGO,VILLA GONZALEZ II,2,"55,00","0,60"
2025,MARZO,REPUBLICA DOMINICANA,SANTIAGO,PLANTA LA NORIEGA,46,"99,10","1,00"
2025,MARZO,REPUBLICA DOMINICANA,SANTIAGO,PLANTA 10 MGD,38,"100,00","1,20"
2025,MARZO,REPUBLICA DOMINICANA,SANTIAGO,PLANTA 25 MGD,39,"100,00","1,30"
2025,MARZO,REPUBLICA DOMINICANA,SANTIAGO,VILLA GONZALEZ,4,"100,00","0,70"
2025,MARZO,REPUBLICA DOMINICANA,SANTIAGO,VILLA GONZALEZ II,4,"100,00","0,70"
2025,ABRIL,REPUBLICA DOMINICANA,SANTIAGO,PLANTA 25 MGD,32,"0,90","91,00"
2025,ABRIL,REPUBLICA DOMINICANA,SANTIAGO,PLANTA 10 MGD,32,"0,90","95,00"
2025,ABRIL,REPUBLICA DOMINICANA,SANTIAGO,PLANTA LA NORIEGA,39,"0,90","99,70"
2025,ABRIL,REPUBLICA DOMINICANA,SANTIAGO,VILLA GONZALEZ,4,"1,10","100,00"
2025,ABRIL,REPUBLICA DOMINICANA,SANTIAGO,VILLA GONZALEZ II,4,"0,90","100,00"
2025,MAYO,REPUBLICA DOMINICANA,SANTIAGO,PLANTA LA NORIEGA,44,"95,00","0,90"
2025,MAYO,REPUBLICA DOMINICANA,SANTIAGO,PLANTA 10 MGD,40,"94,00","1,00"
2025,MAYO,REPUBLICA DOMINICANA,SANTIAGO,PLANTA 25 MGD,40,"95,00","1,10"
2025,MAYO,REPUBLICA DOMINICANA,SANTIAGO,VILLA GONZALEZ,1,"100,00","1,30"
2025,MAYO,REPUBLICA DOMINICANA,SANTIAGO,VILLA GONZALEZ II,1,"100,00","1,60"
2025,JUNIO,REPUBLICA DOMINICANA,SANTIAGO,PLANTA LA NORIEGA,41,"96,00","0,90"
2025,JUNIO,REPUBLICA DOMINICANA,SANTIAGO,PLANTA 25 MGD,38,"97,00","0,80"
2025,JUNIO,REPUBLICA DOMINICANA,SANTIAGO,PLANTA 10 MGD,38,"92,00","0,80"
2025,JUNIO,REPUBLICA DOMINICANA,SANTIAGO,VILLA GONZALEZ,3,"100,00","1,50"
2025,JUNIO,REPUBLICA DOMINICANA,SANTIAGO,VILLA GONZALEZ II,2,"100,00","1,40"
2025,JULIO,REPUBLICA DOMINICANA,SANTIAGO,PLANTA 25 MGD,49,"92,00","0,90"
2025,JULIO,REPUBLICA DOMINICANA,SANTIAGO,PLANTA 10 MGD,49,"94,00","0,90"
2025,JULIO,REPUBLICA DOMINICANA,SANTIAGO,PLANTA LA NORIEGA,49,"100,00","0,90"
2025,JULIO,REPUBLICA DOMINICANA,SANTIAGO,VILLA GONZALEZ,2,"100,00","1,60"
2025,JULIO,REPUBLICA DOMINICANA,SANTIAGO,VILLA GONZALEZ II,2,"100,00","1,70"
2025,AGOSTO,REPUBLICA DOMINICANA,SANTIAGO,PLANTA LA NORIEGA,36,"92,00","0,90"
2025,AGOSTO,REPUBLICA DOMINICANA,SANTIAGO,PLANTA 10 MGD,42,"96,00","1,00"
2025,AGOSTO,REPUBLICA DOMINICANA,SANTIAGO,PLANTA 25 MGD,43,"100,00","0,80"
2025,AGOSTO,REPUBLICA DOMINICANA,SANTIAGO,VILLA GONZALEZ,1,"100,00","0,50"
2025,AGOSTO,REPUBLICA DOMINICANA,SANTIAGO,VILLA GONZALEZ II,1,"100,00","1,30"
2025,SEPTIEMBRE,REPUBLICA DOMINICANA,SANTIAGO,PLANTA LA NORIEGA,34,"98,20","1,00"
2025,SEPTIEMBRE,REPUBLICA DOMINICANA,SANTIAGO,PLANTA 10 MGD,37,"97,30","1,10"
2025,SEPTIEMBRE,REPUBLICA DOMINICANA,SANTIAGO,PLANTA 25 MGD,37,"96,40","1,20"
2025,SEPTIEMBRE,REPUBLICA DOMINICANA,SANTIAGO,VILLA GONZALEZ,4,"88,00","0,80"
2025,SEPTIEMBRE,REPUBLICA DOMINICANA,SANTIAGO,VILLA GONZALEZ II,4,"76,20","0,60"
2025,OCTUBRE,REPUBLICA DOMINICANA,SANTIAGO,PLANTA LA NORIEGA,43,"100,00","1,00"
2025,OCTUBRE,REPUBLICA DOMINICANA,SANTIAGO,PLANTA 25 MGD,38,"100,00","1,30"
2025,OCTUBRE,REPUBLICA DOMINICANA,SANTIAGO,PLANTA 10 MGD,38,"95,00","1,20"
2025,OCTUBRE,REPUBLICA DOMINICANA,SANTIAGO,VILLA GONZALEZ,4,"100,00","0,90"
2025,OCTUBRE,REPUBLICA DOMINICANA,SANTIAGO,VILLA GONZALEZ II,4,"100,00","0,80"
2025,NOVIEMBRE,REPUBLICA DOMINICANA,SANTIAGO,PLANTA 25 MGD,35,"93,00","1,40"
2025,NOVIEMBRE,REPUBLICA DOMINICANA,SANTIAGO,PLANTA 10 MGD,32,"93,00","1,30"
2025,NOVIEMBRE,REPUBLICA DOMINICANA,SANTIAGO,PLANTA LA NORIEGA,43,"96,00","1,10"
2025,NOVIEMBRE,REPUBLICA DOMINICANA,SANTIAGO,VILLA GONZALEZ,3,"100,00","1,00"
2025,NOVIEMBRE,REPUBLICA DOMINICANA,SANTIAGO,VILLA GONZALEZ II,3,"100,00","1,40"
2025,DICIEMBRE,REPUBLICA DOMINICANA,SANTIAGO,PLANTA LA NORIEGA,31,"97,00","1,10"
2025,DICIEMBRE,REPUBLICA DOMINICANA,SANTIAGO,PLANTA 10 MGD,38,"100,00","1,20"
2025,DICIEMBRE,REPUBLICA DOMINICANA,SANTIAGO,PLANTA 25 MGD,40,"100,00","1,20"
2025,DICIEMBRE,REPUBLICA DOMINICANA,SANTIAGO,VILLA GONZALEZ,2,"100,00","1,50"
2025,DICIEMBRE,REPUBLICA DOMINICANA,SANTIAGO,VILLA GONZALEZ II,2,"100,00","1,30"
2026,ENERO,REPUBLICA DOMINICANA,SANTIAGO,PLANTA LA NORIEGA,37,"100,00","1,00"
2026,ENERO,REPUBLICA DOMINICANA,SANTIAGO,PLANTA 10 MGD,37,"97,40","1,30"
2026,ENERO,REPUBLICA DOMINICANA,SANTIAGO,PLANTA 25 MGD,37,"99,70","1,30"
2026,ENERO,REPUBLICA DOMINICANA,SANTIAGO,VILLA GONZALEZ,4,"100,00","1,20"
2026,ENERO,REPUBLICA DOMINICANA,SANTIAGO,VILLA GONZALEZ II,3,"78,00","1,00"
2026,FEBRERO,REPUBLICA DOMINICANA,SANTIAGO,PLANTA 25 MGD,35,"96,80","1,00"
2026,FEBRERO,REPUBLICA DOMINICANA,SANTIAGO,PLANTA 10 MGD,35,"97,00","1,00"
2026,FEBRERO,REPUBLICA DOMINICANA,SANTIAGO,PLANTA LA NORIEGA,42,"97,40","0,80"
2026,FEBRERO,REPUBLICA DOMINICANA,SANTIAGO,VILLA GONZALEZ,2,"92,00","1,40"
2026,FEBRERO,REPUBLICA DOMINICANA,SANTIAGO,VILLA GONZALEZ II,2,"100,00","1,00"
