ANO,MES,PAIS,PROVINCIA,MUNICIPIO,PLANTA,CANTIDAD_(Millones M3)
2018,ENERO,REPUBLICA DOMINICANA,SANTIAGO,SANTIAGO,PLANTA NORIEGA,"7,71"
2018,ENERO,REPUBLICA DOMINICANA,SANTIAGO,SANTIAGO,PLANTA NORIEGA II,"2,06"
2018,ENERO,REPUBLICA DOMINICANA,SANTIAGO,SANTIAGO,PLANTA 10 MGD,"0,86"
2018,ENERO,REPUBLICA DOMINICANA,SANTIAGO,SANTIAGO,PLANTA 25 MGD,"1,29"
2018,ENERO,REPUBLICA DOMINICANA,SANTIAGO,VILLA GONZALEZ,PLANTA VILLA GONZALEZ,"0,16"
2018,ENERO,REPUBLICA DOMINICANA,SANTIAGO,VILLA GONZALEZ,PLANTA VILLA GONZALEZ II,"0,10"
2018,FEBRERO,REPUBLICA DOMINICANA,SANTIAGO,SANTIAGO,PLANTA LA BARRANQUITA,"0,02"
2018,FEBRERO,REPUBLICA DOMINICANA,SANTIAGO,SANTIAGO,PLANTA NORIEGA,"7,40"
2018,FEBRERO,REPUBLICA DOMINICANA,SANTIAGO,SANTIAGO,PLANTA NORIEGA II,"1,89"
2018,FEBRERO,REPUBLICA DOMINICANA,SANTIAGO,SANTIAGO,PLANTA 10 MGD,"0,86"
2018,FEBRERO,REPUBLICA DOMINICANA,SANTIAGO,SANTIAGO,PLANTA 25 MGD,"1,06"
2018,FEBRERO,REPUBLICA DOMINICANA,SANTIAGO,VILLA GONZALEZ,PLANTA VILLA GONZALEZ,"0,14"
2018,FEBRERO,REPUBLICA DOMINICANA,SANTIAGO,VILLA GONZALEZ,PLANTA VILLA GONZALEZ II,"0,10"
2018,MARZO,REPUBLICA DOMINICANA,SANTIAGO,SANTIAGO,PLANTA LA BARRANQUITA,"0,02"
2018,MARZO,REPUBLICA DOMINICANA,SANTIAGO,SANTIAGO,PLANTA NORIEGA,"8,15"
2018,MARZO,REPUBLICA DOMINICANA,SANTIAGO,SANTIAGO,PLANTA NORIEGA II,"1,93"
2018,MARZO,REPUBLICA DOMINICANA,SANTIAGO,SANTIAGO,PLANTA 10 MGD,"0,56"
2018,MARZO,REPUBLICA DOMINICANA,SANTIAGO,SANTIAGO,PLANTA 25 MGD,"0,92"
2018,MARZO,REPUBLICA DOMINICANA,SANTIAGO,VILLA GONZALEZ,PLANTA VILLA GONZALEZ,"0,14"
2018,MARZO,REPUBLICA DOMINICANA,SANTIAGO,VILLA GONZALEZ,PLANTA VILLA GONZALEZ II,"0,07"
2018,ABRIL,REPUBLICA DOMINICANA,SANTIAGO,SANTIAGO,PLANTA LA BARRANQUITA,"0,02"
2018,ABRIL,REPUBLICA DOMINICANA,SANTIAGO,SANTIAGO,PLANTA NORIEGA,"7,32"
2018,ABRIL,REPUBLICA DOMINICANA,SANTIAGO,SANTIAGO,PLANTA NORIEGA II,"1,65"
2018,ABRIL,REPUBLICA DOMINICANA,SANTIAGO,SANTIAGO,PLANTA 10 MGD,"0,76"
2018,ABRIL,REPUBLICA DOMINICANA,SANTIAGO,SANTIAGO,PLANTA 25 MGD,"1,14"
2018,ABRIL,REPUBLICA DOMINICANA,SANTIAGO,VILLA GONZALEZ,PLANTA VILLA GONZALEZ,"0,10"
2018,ABRIL,REPUBLICA DOMINICANA,SANTIAGO,VILLA GONZALEZ,PLANTA VILLA GONZALEZ II,"0,05"
2018,MAYO,REPUBLICA DOMINICANA,SANTIAGO,SANTIAGO,PLANTA LA BARRANQUITA,"0,03"
2018,MAYO,REPUBLICA DOMINICANA,SANTIAGO,SANTIAGO,PLANTA NORIEGA,"7,76"
2018,MAYO,REPUBLICA DOMINICANA,SANTIAGO,SANTIAGO,PLANTA NORIEGA II,"1,83"
2018,MAYO,REPUBLICA DOMINICANA,SANTIAGO,SANTIAGO,PLANTA 10 MGD,"0,98"
2018,MAYO,REPUBLICA DOMINICANA,SANTIAGO,SANTIAGO,PLANTA 25 MGD,"1,57"
2018,MAYO,REPUBLICA DOMINICANA,SANTIAGO,VILLA GONZALEZ,PLANTA VILLA GONZALEZ,"0,14"
2018,MAYO,REPUBLICA DOMINICANA,SANTIAGO,VILLA GONZALEZ,PLANTA VILLA GONZALEZ II,"0,07"
2018,JUNIO,REPUBLICA DOMINICANA,SANTIAGO,SANTIAGO,PLANTA LA BARRANQUITA,"0,03"
2018,JUNIO,REPUBLICA DOMINICANA,SANTIAGO,SANTIAGO,PLANTA NORIEGA,"7,60"
2018,JUNIO,REPUBLICA DOMINICANA,SANTIAGO,SANTIAGO,PLANTA NORIEGA II,"1,81"
2018,JUNIO,REPUBLICA DOMINICANA,SANTIAGO,SANTIAGO,PLANTA 10 MGD,"0,90"
2018,JUNIO,REPUBLICA DOMINICANA,SANTIAGO,SANTIAGO,PLANTA 25 MGD,"1,51"
2018,JUNIO,REPUBLICA DOMINICANA,SANTIAGO,VILLA GONZALEZ,PLANTA VILLA GONZALEZ,"0,13"
2018,JUNIO,REPUBLICA DOMINICANA,SANTIAGO,VILLA GONZALEZ,PLANTA VILLA GONZALEZ II,"0,06"
2018,JULIO,REPUBLICA DOMINICANA,SANTIAGO,SANTIAGO,PLANTA LA BARRANQUITA,"0,03"
2018,JULIO,REPUBLICA DOMINICANA,SANTIAGO,SANTIAGO,PLANTA NORIEGA,"7,64"
2018,JULIO,REPUBLICA DOMINICANA,SANTIAGO,SANTIAGO,PLANTA NORIEGA II,"1,88"
2018,JULIO,REPUBLICA DOMINICANA,SANTIAGO,SANTIAGO,PLANTA 10 MGD,"0,94"
2018,JULIO,REPUBLICA DOMINICANA,SANTIAGO,SANTIAGO,PLANTA 25 MGD,"1,72"
2018,JULIO,REPUBLICA DOMINICANA,SANTIAGO,VILLA GONZALEZ,PLANTA VILLA GONZALEZ,"0,14"
2018,JULIO,REPUBLICA DOMINICANA,SANTIAGO,VILLA GONZALEZ,PLANTA VILLA GONZALEZ II,"0,06"
2018,AGOSTO,REPUBLICA DOMINICANA,SANTIAGO,SANTIAGO,PLANTA LA BARRANQUITA,"0,03"
2018,AGOSTO,REPUBLICA DOMINICANA,SANTIAGO,SANTIAGO,PLANTA NORIEGA,"7,32"
2018,AGOSTO,REPUBLICA DOMINICANA,SANTIAGO,SANTIAGO,PLANTA NORIEGA II,"0,19"
2018,AGOSTO,REPUBLICA DOMINICANA,SANTIAGO,SANTIAGO,PLANTA 10 MGD,"0,96"
2018,AGOSTO,REPUBLICA DOMINICANA,SANTIAGO,SANTIAGO,PLANTA 25 MGD,"1,76"
2018,AGOSTO,REPUBLICA DOMINICANA,SANTIAGO,VILLA GONZALEZ,PLANTA VILLA GONZALEZ,"0,14"
2018,AGOSTO,REPUBLICA DOMINICANA,SANTIAGO,VILLA GONZALEZ,PLANTA VILLA GONZALEZ II,"0,06"
2018,SEPTIEMBRE,REPUBLICA DOMINICANA,SANTIAGO,SAN JOSE DE LAS MATAS,SAJOMA,"0,03"
2018,SEPTIEMBRE,REPUBLICA DOMINICANA,SANTIAGO,SANTIAGO,PLANTA LA BARRANQUITA,"0,03"
2018,SEPTIEMBRE,REPUBLICA DOMINICANA,SANTIAGO,SANTIAGO,PLANTA NORIEGA,"7,28"
2018,SEPTIEMBRE,REPUBLICA DOMINICANA,SANTIAGO,SANTIAGO,PLANTA NORIEGA II,"1,80"
2018,SEPTIEMBRE,REPUBLICA DOMINICANA,SANTIAGO,SANTIAGO,PLANTA 10 MGD,"0,93"
2018,SEPTIEMBRE,REPUBLICA DOMINICANA,SANTIAGO,SANTIAGO,PLANTA 25 MGD,"1,59"
2018,SEPTIEMBRE,REPUBLICA DOMINICANA,SANTIAGO,VILLA GONZALEZ,PLANTA VILLA GONZALEZ,"0,14"
2018,SEPTIEMBRE,REPUBLICA DOMINICANA,SANTIAGO,VILLA GONZALEZ,PLANTA VILLA GONZALEZ II,"0,07"
2018,OCTUBRE,REPUBLICA DOMINICANA,SANTIAGO,SANTIAGO,PLANTA LA BARRANQUITA,"0,04"
2018,OCTUBRE,REPUBLICA DOMINICANA,SANTIAGO,SANTIAGO,PLANTA NORIEGA,"8,17"
2018,OCTUBRE,REPUBLICA DOMINICANA,SANTIAGO,SANTIAGO,PLANTA NORIEGA II,"1,79"
2018,OCTUBRE,REPUBLICA DOMINICANA,SANTIAGO,SANTIAGO,PLANTA 10 MGD,"0,91"
2018,OCTUBRE,REPUBLICA DOMINICANA,SANTIAGO,SANTIAGO,PLANTA 25 MGD,"1,58"
2018,OCTUBRE,REPUBLICA DOMINICANA,SANTIAGO,VILLA GONZALEZ,PLANTA VILLA GONZALEZ,"0,14"
2018,OCTUBRE,REPUBLICA DOMINICANA,SANTIAGO,VILLA GONZALEZ,PLANTA VILLA GONZALEZ II,"0,07"
2018,NOVIEMBRE,REPUBLICA DOMINICANA,SANTIAGO,SANTIAGO,PLANTA LA BARRANQUITA,"0,04"
2018,NOVIEMBRE,REPUBLICA DOMINICANA,SANTIAGO,SANTIAGO,PLANTA NORIEGA,"8,23"
2018,NOVIEMBRE,REPUBLICA DOMINICANA,SANTIAGO,SANTIAGO,PLANTA NORIEGA II,"2,10"
2018,NOVIEMBRE,REPUBLICA DOMINICANA,SANTIAGO,SANTIAGO,PLANTA 10 MGD,"0,96"
2018,NOVIEMBRE,REPUBLICA DOMINICANA,SANTIAGO,SANTIAGO,PLANTA 25 MGD,"1,49"
2018,NOVIEMBRE,REPUBLICA DOMINICANA,SANTIAGO,VILLA GONZALEZ,PLANTA VILLA GONZALEZ,"0,14"
2018,NOVIEMBRE,REPUBLICA DOMINICANA,SANTIAGO,VILLA GONZALEZ,PLANTA VILLA GONZALEZ II,"0,06"
2018,DICIEMBRE,REPUBLICA DOMINICANA,SANTIAGO,SANTIAGO,PLANTA LA BARRANQUITA,"0,04"
2018,DICIEMBRE,REPUBLICA DOMINICANA,SANTIAGO,SANTIAGO,PLANTA NORIEGA,"8,22"
2018,DICIEMBRE,REPUBLICA DOMINICANA,SANTIAGO,SANTIAGO,PLANTA NORIEGA II,"2,10"
2018,DICIEMBRE,REPUBLICA DOMINICANA,SANTIAGO,SANTIAGO,PLANTA 10 MGD,"0,98"
2018,DICIEMBRE,REPUBLICA DOMINICANA,SANTIAGO,SANTIAGO,PLANTA 25 MGD,"1,59"
2018,DICIEMBRE,REPUBLICA DOMINICANA,SANTIAGO,VILLA GONZALEZ,PLANTA VILLA GONZALEZ,"0,13"
2018,DICIEMBRE,REPUBLICA DOMINICANA,SANTIAGO,VILLA GONZALEZ,PLANTA VILLA GONZALEZ II,"0,06"
2019,ENERO,REPUBLICA DOMINICANA,SANTIAGO,SANTIAGO,PLANTA LA BARRANQUITA,"0,03"
2019,ENERO,REPUBLICA DOMINICANA,SANTIAGO,SANTIAGO,PLANTA NORIEGA,"8,22"
2019,ENERO,REPUBLICA DOMINICANA,SANTIAGO,SANTIAGO,PLANTA NORIEGA II,"2,09"
2019,ENERO,REPUBLICA DOMINICANA,SANTIAGO,SANTIAGO,PLANTA 10 MGD,"0,95"
2019,ENERO,REPUBLICA DOMINICANA,SANTIAGO,SANTIAGO,PLANTA 25 MGD,"1,42"
2019,ENERO,REPUBLICA DOMINICANA,SANTIAGO,VILLA GONZALEZ,PLANTA VILLA GONZALEZ,"0,14"
2019,ENERO,REPUBLICA DOMINICANA,SANTIAGO,VILLA GONZALEZ,PLANTA VILLA GONZALEZ II,"0,07"
2019,FEBRERO,REPUBLICA DOMINICANA,SANTIAGO,SANTIAGO,PLANTA LA BARRANQUITA,"0,29"
2019,FEBRERO,REPUBLICA DOMINICANA,SANTIAGO,SANTIAGO,PLANTA NORIEGA,"7,07"
2019,FEBRERO,REPUBLICA DOMINICANA,SANTIAGO,SANTIAGO,PLANTA NORIEGA II,"1,59"
2019,FEBRERO,REPUBLICA DOMINICANA,SANTIAGO,SANTIAGO,PLANTA 10 MGD,"0,90"
2019,FEBRERO,REPUBLICA DOMINICANA,SANTIAGO,SANTIAGO,PLANTA 25 MGD,"1,24"
2019,FEBRERO,REPUBLICA DOMINICANA,SANTIAGO,VILLA GONZALEZ,PLANTA VILLA GONZALEZ,"0,14"
2019,FEBRERO,REPUBLICA DOMINICANA,SANTIAGO,VILLA GONZALEZ,PLANTA VILLA GONZALEZ II,"0,07"
2019,MARZO,REPUBLICA DOMINICANA,SANTIAGO,SAN JOSE DE LAS MATAS,SAJOMA,"0,04"
2019,MARZO,REPUBLICA DOMINICANA,SANTIAGO,SANTIAGO,PLANTA LA BARRANQUITA,"0,03"
2019,MARZO,REPUBLICA DOMINICANA,SANTIAGO,SANTIAGO,PLANTA NORIEGA,"7,77"
2019,MARZO,REPUBLICA DOMINICANA,SANTIAGO,SANTIAGO,PLANTA NORIEGA II,"1,82"
2019,MARZO,REPUBLICA DOMINICANA,SANTIAGO,SANTIAGO,PLANTA 10 MGD,"0,94"
2019,MARZO,REPUBLICA DOMINICANA,SANTIAGO,SANTIAGO,PLANTA 25 MGD,"1,38"
2019,MARZO,REPUBLICA DOMINICANA,SANTIAGO,VILLA GONZALEZ,PLANTA VILLA GONZALEZ,"0,14"
2019,MARZO,REPUBLICA DOMINICANA,SANTIAGO,VILLA GONZALEZ,PLANTA VILLA GONZALEZ II,"0,07"
2019,ABRIL,REPUBLICA DOMINICANA,SANTIAGO,SAN JOSE DE LAS MATAS,SAJOMA,"0,04"
2019,ABRIL,REPUBLICA DOMINICANA,SANTIAGO,SANTIAGO,PLANTA LA BARRANQUITA,"0,03"
2019,ABRIL,REPUBLICA DOMINICANA,SANTIAGO,SANTIAGO,PLANTA NORIEGA,"7,50"
2019,ABRIL,REPUBLICA DOMINICANA,SANTIAGO,SANTIAGO,PLANTA NORIEGA II,"1,43"
2019,ABRIL,REPUBLICA DOMINICANA,SANTIAGO,SANTIAGO,PLANTA 10 MGD,"0,94"
2019,ABRIL,REPUBLICA DOMINICANA,SANTIAGO,SANTIAGO,PLANTA 25 MGD,"1,26"
2019,ABRIL,REPUBLICA DOMINICANA,SANTIAGO,VILLA GONZALEZ,PLANTA VILLA GONZALEZ,"0,15"
2019,ABRIL,REPUBLICA DOMINICANA,SANTIAGO,VILLA GONZALEZ,PLANTA VILLA GONZALEZ II,"0,06"
2019,MAYO,REPUBLICA DOMINICANA,SANTIAGO,SAN JOSE DE LAS MATAS,SAJOMA,"0,04"
2019,MAYO,REPUBLICA DOMINICANA,SANTIAGO,SANTIAGO,PLANTA LA BARRANQUITA,"0,03"
2019,MAYO,REPUBLICA DOMINICANA,SANTIAGO,SANTIAGO,PLANTA NORIEGA,"7,49"
2019,MAYO,REPUBLICA DOMINICANA,SANTIAGO,SANTIAGO,PLANTA NORIEGA II,"1,37"
2019,MAYO,REPUBLICA DOMINICANA,SANTIAGO,SANTIAGO,PLANTA 10 MGD,"0,94"
2019,MAYO,REPUBLICA DOMINICANA,SANTIAGO,SANTIAGO,PLANTA 25 MGD,"1,47"
2019,MAYO,REPUBLICA DOMINICANA,SANTIAGO,VILLA GONZALEZ,PLANTA VILLA GONZALEZ,"0,12"
2019,MAYO,REPUBLICA DOMINICANA,SANTIAGO,VILLA GONZALEZ,PLANTA VILLA GONZALEZ II,"0,07"
2019,JUNIO,REPUBLICA DOMINICANA,SANTIAGO,SAN JOSE DE LAS MATAS,SAJOMA,"0,03"
2019,JUNIO,REPUBLICA DOMINICANA,SANTIAGO,SANTIAGO,PLANTA LA BARRANQUITA,"0,02"
2019,JUNIO,REPUBLICA DOMINICANA,SANTIAGO,SANTIAGO,PLANTA NORIEGA,"7,65"
2019,JUNIO,REPUBLICA DOMINICANA,SANTIAGO,SANTIAGO,PLANTA NORIEGA II,"1,39"
2019,JUNIO,REPUBLICA DOMINICANA,SANTIAGO,SANTIAGO,PLANTA 10 MGD,"0,90"
2019,JUNIO,REPUBLICA DOMINICANA,SANTIAGO,SANTIAGO,PLANTA 25 MGD,"1,47"
2019,JUNIO,REPUBLICA DOMINICANA,SANTIAGO,VILLA GONZALEZ,PLANTA VILLA GONZALEZ,"0,13"
2019,JUNIO,REPUBLICA DOMINICANA,SANTIAGO,VILLA GONZALEZ,PLANTA VILLA GONZALEZ II,"0,06"
2019,JULIO,REPUBLICA DOMINICANA,SANTIAGO,SAN JOSE DE LAS MATAS,SAJOMA,"0,04"
2019,JULIO,REPUBLICA DOMINICANA,SANTIAGO,SANTIAGO,PLANTA LA BARRANQUITA,"0,03"
2019,JULIO,REPUBLICA DOMINICANA,SANTIAGO,SANTIAGO,PLANTA NORIEGA,"7,79"
2019,JULIO,REPUBLICA DOMINICANA,SANTIAGO,SANTIAGO,PLANTA NORIEGA II,"1,33"
2019,JULIO,REPUBLICA DOMINICANA,SANTIAGO,SANTIAGO,PLANTA 10 MGD,"0,90"
2019,JULIO,REPUBLICA DOMINICANA,SANTIAGO,SANTIAGO,PLANTA 25 MGD,"1,55"
2019,JULIO,REPUBLICA DOMINICANA,SANTIAGO,VILLA GONZALEZ,PLANTA VILLA GONZALEZ,"0,14"
2019,JULIO,REPUBLICA DOMINICANA,SANTIAGO,VILLA GONZALEZ,PLANTA VILLA GONZALEZ II,"0,03"
2019,AGOSTO,REPUBLICA DOMINICANA,SANTIAGO,SAN JOSE DE LAS MATAS,SAJOMA,"0,04"
2019,AGOSTO,REPUBLICA DOMINICANA,SANTIAGO,SANTIAGO,PLANTA LA BARRANQUITA,"0,03"
2019,AGOSTO,REPUBLICA DOMINICANA,SANTIAGO,SANTIAGO,PLANTA NORIEGA,"7,55"
2019,AGOSTO,REPUBLICA DOMINICANA,SANTIAGO,SANTIAGO,PLANTA NORIEGA II,"1,31"
2019,AGOSTO,REPUBLICA DOMINICANA,SANTIAGO,SANTIAGO,PLANTA 10 MGD,"0,90"
2019,AGOSTO,REPUBLICA DOMINICANA,SANTIAGO,SANTIAGO,PLANTA 25 MGD,"1,60"
2019,AGOSTO,REPUBLICA DOMINICANA,SANTIAGO,VILLA GONZALEZ,PLANTA VILLA GONZALEZ,"0,13"
2019,AGOSTO,REPUBLICA DOMINICANA,SANTIAGO,VILLA GONZALEZ,PLANTA VILLA GONZALEZ II,"0,07"
2019,SEPTIEMBRE,REPUBLICA DOMINICANA,SANTIAGO,SAN JOSE DE LAS MATAS,SAJOMA,"0,03"
2019,SEPTIEMBRE,REPUBLICA DOMINICANA,SANTIAGO,SANTIAGO,PLANTA LA BARRANQUITA,"0,03"
2019,SEPTIEMBRE,REPUBLICA DOMINICANA,SANTIAGO,SANTIAGO,PLANTA NORIEGA,"7,22"
2019,SEPTIEMBRE,REPUBLICA DOMINICANA,SANTIAGO,SANTIAGO,PLANTA NORIEGA II,"1,23"
2019,SEPTIEMBRE,REPUBLICA DOMINICANA,SANTIAGO,SANTIAGO,PLANTA 10 MGD,"0,93"
2019,SEPTIEMBRE,REPUBLICA DOMINICANA,SANTIAGO,SANTIAGO,PLANTA 25 MGD,"1,69"
2019,SEPTIEMBRE,REPUBLICA DOMINICANA,SANTIAGO,VILLA GONZALEZ,PLANTA VILLA GONZALEZ,"0,12"
2019,SEPTIEMBRE,REPUBLICA DOMINICANA,SANTIAGO,VILLA GONZALEZ,PLANTA VILLA GONZALEZ II,"0,05"
2019,OCTUBRE,REPUBLICA DOMINICANA,SANTIAGO,SAN JOSE DE LAS MATAS,SAJOMA,"0,03"
2019,OCTUBRE,REPUBLICA DOMINICANA,SANTIAGO,SANTIAGO,PLANTA LA BARRANQUITA,"0,03"
2019,OCTUBRE,REPUBLICA DOMINICANA,SANTIAGO,SANTIAGO,PLANTA NORIEGA,"8,94"
2019,OCTUBRE,REPUBLICA DOMINICANA,SANTIAGO,SANTIAGO,PLANTA NORIEGA II,"0,00"
2019,OCTUBRE,REPUBLICA DOMINICANA,SANTIAGO,SANTIAGO,PLANTA 10 MGD,"0,89"
2019,OCTUBRE,REPUBLICA DOMINICANA,SANTIAGO,SANTIAGO,PLANTA 25 MGD,"1,19"
2019,OCTUBRE,REPUBLICA DOMINICANA,SANTIAGO,VILLA GONZALEZ,PLANTA VILLA GONZALEZ,"0,13"
2019,OCTUBRE,REPUBLICA DOMINICANA,SANTIAGO,VILLA GONZALEZ,PLANTA VILLA GONZALEZ II,"0,06"
2019,NOVIEMBRE,REPUBLICA DOMINICANA,SANTIAGO,SAN JOSE DE LAS MATAS,SAJOMA,"0,03"
2019,NOVIEMBRE,REPUBLICA DOMINICANA,SANTIAGO,SANTIAGO,PLANTA LA BARRANQUITA,"0,03"
2019,NOVIEMBRE,REPUBLICA DOMINICANA,SANTIAGO,SANTIAGO,PLANTA NORIEGA,"8,63"
2019,NOVIEMBRE,REPUBLICA DOMINICANA,SANTIAGO,SANTIAGO,PLANTA NORIEGA II,"0,00"
2019,NOVIEMBRE,REPUBLICA DOMINICANA,SANTIAGO,SANTIAGO,PLANTA 10 MGD,"0,84"
2019,NOVIEMBRE,REPUBLICA DOMINICANA,SANTIAGO,SANTIAGO,PLANTA 25 MGD,"1,30"
2019,NOVIEMBRE,REPUBLICA DOMINICANA,SANTIAGO,VILLA GONZALEZ,PLANTA VILLA GONZALEZ,"0,15"
2019,NOVIEMBRE,REPUBLICA DOMINICANA,SANTIAGO,VILLA GONZALEZ,PLANTA VILLA GONZALEZ II,"0,06"
2019,DICIEMBRE,REPUBLICA DOMINICANA,SANTIAGO,SAN JOSE DE LAS MATAS,SAJOMA,"0,03"
2019,DICIEMBRE,REPUBLICA DOMINICANA,SANTIAGO,SANTIAGO,PLANTA LA BARRANQUITA,"0,03"
2019,DICIEMBRE,REPUBLICA DOMINICANA,SANTIAGO,SANTIAGO,PLANTA NORIEGA,"9,40"
2019,DICIEMBRE,REPUBLICA DOMINICANA,SANTIAGO,SANTIAGO,PLANTA NORIEGA II,"0,00"
2019,DICIEMBRE,REPUBLICA DOMINICANA,SANTIAGO,SANTIAGO,PLANTA 10 MGD,"0,84"
2019,DICIEMBRE,REPUBLICA DOMINICANA,SANTIAGO,SANTIAGO,PLANTA 25 MGD,"1,29"
2019,DICIEMBRE,REPUBLICA DOMINICANA,SANTIAGO,VILLA GONZALEZ,PLANTA VILLA GONZALEZ,"0,14"
2019,DICIEMBRE,REPUBLICA DOMINICANA,SANTIAGO,VILLA GONZALEZ,PLANTA VILLA GONZALEZ II,"0,06"
2020,ENERO,REPUBLICA DOMINICANA,SANTIAGO,SAN JOSE DE LAS MATAS,SAJOMA,"0,04"
2020,ENERO,REPUBLICA DOMINICANA,SANTIAGO,SANTIAGO,PLANTA LA BARRANQUITA,"0,03"
2020,ENERO,REPUBLICA DOMINICANA,SANTIAGO,SANTIAGO,PLANTA NORIEGA,"9,50"
2020,ENERO,REPUBLICA DOMINICANA,SANTIAGO,SANTIAGO,PLANTA NORIEGA II,"0,00"
2020,ENERO,REPUBLICA DOMINICANA,SANTIAGO,SANTIAGO,PLANTA 10 MGD,"0,96"
2020,ENERO,REPUBLICA DOMINICANA,SANTIAGO,SANTIAGO,PLANTA 25 MGD,"1,27"
2020,ENERO,REPUBLICA DOMINICANA,SANTIAGO,VILLA GONZALEZ,PLANTA VILLA GONZALEZ,"0,13"
2020,ENERO,REPUBLICA DOMINICANA,SANTIAGO,VILLA GONZALEZ,PLANTA VILLA GONZALEZ II,"0,07"
2020,FEBRERO,REPUBLICA DOMINICANA,SANTIAGO,SAN JOSE DE LAS MATAS,SAJOMA,"0,03"
2020,FEBRERO,REPUBLICA DOMINICANA,SANTIAGO,SANTIAGO,PLANTA LA BARRANQUITA,"0,03"
2020,FEBRERO,REPUBLICA DOMINICANA,SANTIAGO,SANTIAGO,PLANTA NORIEGA,"8,84"
2020,FEBRERO,REPUBLICA DOMINICANA,SANTIAGO,SANTIAGO,PLANTA 10 MGD,"0,89"
2020,FEBRERO,REPUBLICA DOMINICANA,SANTIAGO,SANTIAGO,PLANTA 25 MGD,"1,01"
2020,FEBRERO,REPUBLICA DOMINICANA,SANTIAGO,VILLA GONZALEZ,PLANTA VILLA GONZALEZ,"0,12"
2020,FEBRERO,REPUBLICA DOMINICANA,SANTIAGO,VILLA GONZALEZ,PLANTA VILLA GONZALEZ II,"0,06"
2020,MARZO,REPUBLICA DOMINICANA,SANTIAGO,SAN JOSE DE LAS MATAS,SAJOMA,"0,02"
2020,MARZO,REPUBLICA DOMINICANA,SANTIAGO,SANTIAGO,PLANTA LA BARRANQUITA,"0,03"
2020,MARZO,REPUBLICA DOMINICANA,SANTIAGO,SANTIAGO,PLANTA NORIEGA,"9,34"
2020,MARZO,REPUBLICA DOMINICANA,SANTIAGO,SANTIAGO,PLANTA NORIEGA II,"0,00"
2020,MARZO,REPUBLICA DOMINICANA,SANTIAGO,SANTIAGO,PLANTA 10 MGD,"0,83"
2020,MARZO,REPUBLICA DOMINICANA,SANTIAGO,SANTIAGO,PLANTA 25 MGD,"1,41"
2020,MARZO,REPUBLICA DOMINICANA,SANTIAGO,VILLA GONZALEZ,PLANTA VILLA GONZALEZ,"0,14"
2020,MARZO,REPUBLICA DOMINICANA,SANTIAGO,VILLA GONZALEZ,PLANTA VILLA GONZALEZ II,"0,07"
2020,ABRIL,REPUBLICA DOMINICANA,SANTIAGO,SAN JOSE DE LAS MATAS,SAJOMA,"0,04"
2020,ABRIL,REPUBLICA DOMINICANA,SANTIAGO,SANTIAGO,PLANTA LA BARRANQUITA,"0,03"
2020,ABRIL,REPUBLICA DOMINICANA,SANTIAGO,SANTIAGO,PLANTA NORIEGA,"9,01"
2020,ABRIL,REPUBLICA DOMINICANA,SANTIAGO,SANTIAGO,PLANTA NORIEGA II,"0,00"
2020,ABRIL,REPUBLICA DOMINICANA,SANTIAGO,SANTIAGO,PLANTA 10 MGD,"0,96"
2020,ABRIL,REPUBLICA DOMINICANA,SANTIAGO,SANTIAGO,PLANTA 25 MGD,"1,51"
2020,ABRIL,REPUBLICA DOMINICANA,SANTIAGO,VILLA GONZALEZ,PLANTA VILLA GONZALEZ,"0,13"
2020,ABRIL,REPUBLICA DOMINICANA,SANTIAGO,VILLA GONZALEZ,PLANTA VILLA GONZALEZ II,"0,06"
2020,MAYO,REPUBLICA DOMINICANA,SANTIAGO,SAN JOSE DE LAS MATAS,SAJOMA,"0,04"
2020,MAYO,REPUBLICA DOMINICANA,SANTIAGO,SANTIAGO,PLANTA LA BARRANQUITA,"0,03"
2020,MAYO,REPUBLICA DOMINICANA,SANTIAGO,SANTIAGO,PLANTA NORIEGA,"9,38"
2020,MAYO,REPUBLICA DOMINICANA,SANTIAGO,SANTIAGO,PLANTA NORIEGA II,"0,00"
2020,MAYO,REPUBLICA DOMINICANA,SANTIAGO,SANTIAGO,PLANTA 10 MGD,"0,96"
2020,MAYO,REPUBLICA DOMINICANA,SANTIAGO,SANTIAGO,PLANTA 25 MGD,"1,36"
2020,MAYO,REPUBLICA DOMINICANA,SANTIAGO,VILLA GONZALEZ,PLANTA VILLA GONZALEZ,"0,14"
2020,MAYO,REPUBLICA DOMINICANA,SANTIAGO,VILLA GONZALEZ,PLANTA VILLA GONZALEZ II,"0,06"
2020,JUNIO,REPUBLICA DOMINICANA,SANTIAGO,SAN JOSE DE LAS MATAS,SAJOMA,"0,04"
2020,JUNIO,REPUBLICA DOMINICANA,SANTIAGO,SANTIAGO,PLANTA LA BARRANQUITA,"0,03"
2020,JUNIO,REPUBLICA DOMINICANA,SANTIAGO,SANTIAGO,PLANTA NORIEGA,"8,82"
2020,JUNIO,REPUBLICA DOMINICANA,SANTIAGO,SANTIAGO,PLANTA NORIEGA II,"0,00"
2020,JUNIO,REPUBLICA DOMINICANA,SANTIAGO,SANTIAGO,PLANTA 10 MGD,"0,93"
2020,JUNIO,REPUBLICA DOMINICANA,SANTIAGO,SANTIAGO,PLANTA 25 MGD,"1,22"
2020,JUNIO,REPUBLICA DOMINICANA,SANTIAGO,VILLA GONZALEZ,PLANTA VILLA GONZALEZ,"0,13"
2020,JUNIO,REPUBLICA DOMINICANA,SANTIAGO,VILLA GONZALEZ,PLANTA VILLA GONZALEZ II,"0,06"
2020,JULIO,REPUBLICA DOMINICANA,SANTIAGO,SAN JOSE DE LAS MATAS,SAJOMA,"0,03"
2020,JULIO,REPUBLICA DOMINICANA,SANTIAGO,SANTIAGO,PLANTA LA BARRANQUITA,"0,03"
2020,JULIO,REPUBLICA DOMINICANA,SANTIAGO,SANTIAGO,PLANTA NORIEGA,"8,85"
2020,JULIO,REPUBLICA DOMINICANA,SANTIAGO,SANTIAGO,PLANTA NORIEGA II,"0,00"
2020,JULIO,REPUBLICA DOMINICANA,SANTIAGO,SANTIAGO,PLANTA 10 MGD,"0,92"
2020,JULIO,REPUBLICA DOMINICANA,SANTIAGO,SANTIAGO,PLANTA 25 MGD,"1,66"
2020,JULIO,REPUBLICA DOMINICANA,SANTIAGO,VILLA GONZALEZ,PLANTA VILLA GONZALEZ,"0,14"
2020,JULIO,REPUBLICA DOMINICANA,SANTIAGO,VILLA GONZALEZ,PLANTA VILLA GONZALEZ II,"0,06"
2020,AGOSTO,REPUBLICA DOMINICANA,SANTIAGO,SAN JOSE DE LAS MATAS,SAJOMA,"0,04"
2020,AGOSTO,REPUBLICA DOMINICANA,SANTIAGO,SANTIAGO,PLANTA LA BARRANQUITA,"0,03"
2020,AGOSTO,REPUBLICA DOMINICANA,SANTIAGO,SANTIAGO,PLANTA NORIEGA,"8,67"
2020,AGOSTO,REPUBLICA DOMINICANA,SANTIAGO,SANTIAGO,PLANTA NORIEGA II,"0,00"
2020,AGOSTO,REPUBLICA DOMINICANA,SANTIAGO,SANTIAGO,PLANTA 10 MGD,"0,94"
2020,AGOSTO,REPUBLICA DOMINICANA,SANTIAGO,SANTIAGO,PLANTA 25 MGD,"1,26"
2020,AGOSTO,REPUBLICA DOMINICANA,SANTIAGO,VILLA GONZALEZ,PLANTA VILLA GONZALEZ,"0,13"
2020,AGOSTO,REPUBLICA DOMINICANA,SANTIAGO,VILLA GONZALEZ,PLANTA VILLA GONZALEZ II,"0,06"
2020,SEPTIEMBRE,REPUBLICA DOMINICANA,SANTIAGO,SAN JOSE DE LAS MATAS,SAJOMA,"0,03"
2020,SEPTIEMBRE,REPUBLICA DOMINICANA,SANTIAGO,SANTIAGO,PLANTA LA BARRANQUITA,"0,03"
2020,SEPTIEMBRE,REPUBLICA DOMINICANA,SANTIAGO,SANTIAGO,PLANTA NORIEGA,"8,19"
2020,SEPTIEMBRE,REPUBLICA DOMINICANA,SANTIAGO,SANTIAGO,PLANTA NORIEGA II,"0,00"
2020,SEPTIEMBRE,REPUBLICA DOMINICANA,SANTIAGO,SANTIAGO,PLANTA 10 MGD,"0,93"
2020,SEPTIEMBRE,REPUBLICA DOMINICANA,SANTIAGO,SANTIAGO,PLANTA 25 MGD,"1,57"
2020,SEPTIEMBRE,REPUBLICA DOMINICANA,SANTIAGO,VILLA GONZALEZ,PLANTA VILLA GONZALEZ,"0,13"
2020,SEPTIEMBRE,REPUBLICA DOMINICANA,SANTIAGO,VILLA GONZALEZ,PLANTA VILLA GONZALEZ II,"0,06"
2020,OCTUBRE,REPUBLICA DOMINICANA,SANTIAGO,SAN JOSE DE LAS MATAS,SAJOMA,"0,03"
2020,OCTUBRE,REPUBLICA DOMINICANA,SANTIAGO,SANTIAGO,PLANTA LA BARRANQUITA,"0,03"
2020,OCTUBRE,REPUBLICA DOMINICANA,SANTIAGO,SANTIAGO,PLANTA NORIEGA,"8,08"
2020,OCTUBRE,REPUBLICA DOMINICANA,SANTIAGO,SANTIAGO,PLANTA NORIEGA II,"0,00"
2020,OCTUBRE,REPUBLICA DOMINICANA,SANTIAGO,SANTIAGO,PLANTA 10 MGD,"0,96"
2020,OCTUBRE,REPUBLICA DOMINICANA,SANTIAGO,SANTIAGO,PLANTA 25 MGD,"1,66"
2020,OCTUBRE,REPUBLICA DOMINICANA,SANTIAGO,VILLA GONZALEZ,PLANTA VILLA GONZALEZ,"0,14"
2020,OCTUBRE,REPUBLICA DOMINICANA,SANTIAGO,VILLA GONZALEZ,PLANTA VILLA GONZALEZ II,"0,07"
2020,NOVIEMBRE,REPUBLICA DOMINICANA,SANTIAGO,SAN JOSE DE LAS MATAS,SAJOMA,"0,04"
2020,NOVIEMBRE,REPUBLICA DOMINICANA,SANTIAGO,SANTIAGO,PLANTA LA BARRANQUITA,"0,03"
2020,NOVIEMBRE,REPUBLICA DOMINICANA,SANTIAGO,SANTIAGO,PLANTA NORIEGA,"7,81"
2020,NOVIEMBRE,REPUBLICA DOMINICANA,SANTIAGO,SANTIAGO,PLANTA NORIEGA II,"0,00"
2020,NOVIEMBRE,REPUBLICA DOMINICANA,SANTIAGO,SANTIAGO,PLANTA 10 MGD,"0,89"
2020,NOVIEMBRE,REPUBLICA DOMINICANA,SANTIAGO,SANTIAGO,PLANTA 25 MGD,"1,51"
2020,NOVIEMBRE,REPUBLICA DOMINICANA,SANTIAGO,VILLA GONZALEZ,PLANTA VILLA GONZALEZ,"0,14"
2020,NOVIEMBRE,REPUBLICA DOMINICANA,SANTIAGO,VILLA GONZALEZ,PLANTA VILLA GONZALEZ II,"0,07"
2020,DICIEMBRE,REPUBLICA DOMINICANA,SANTIAGO,SAN JOSE DE LAS MATAS,SAJOMA,"0,04"
2020,DICIEMBRE,REPUBLICA DOMINICANA,SANTIAGO,SANTIAGO,PLANTA LA BARRANQUITA,"0,03"
2020,DICIEMBRE,REPUBLICA DOMINICANA,SANTIAGO,SANTIAGO,PLANTA NORIEGA,"8,08"
2020,DICIEMBRE,REPUBLICA DOMINICANA,SANTIAGO,SANTIAGO,PLANTA NORIEGA II,"0,00"
2020,DICIEMBRE,REPUBLICA DOMINICANA,SANTIAGO,SANTIAGO,PLANTA 10 MGD,"0,98"
2020,DICIEMBRE,REPUBLICA DOMINICANA,SANTIAGO,SANTIAGO,PLANTA 25 MGD,"1,69"
2020,DICIEMBRE,REPUBLICA DOMINICANA,SANTIAGO,VILLA GONZALEZ,PLANTA VILLA GONZALEZ,"0,14"
2020,DICIEMBRE,REPUBLICA DOMINICANA,SANTIAGO,VILLA GONZALEZ,PLANTA VILLA GONZALEZ II,"0,07"
2021,ENERO,REPUBLICA DOMINICANA,SANTIAGO,SAN JOSE DE LAS MATAS,SAJOMA,"0,04"
2021,ENERO,REPUBLICA DOMINICANA,SANTIAGO,SANTIAGO,PLANTA LA BARRANQUITA,"0,03"
2021,ENERO,REPUBLICA DOMINICANA,SANTIAGO,SANTIAGO,PLANTA NORIEGA,"9,50"
2021,ENERO,REPUBLICA DOMINICANA,SANTIAGO,SANTIAGO,PLANTA NORIEGA II,"0,00"
2021,ENERO,REPUBLICA DOMINICANA,SANTIAGO,SANTIAGO,PLANTA 10 MGD,"1,01"
2021,ENERO,REPUBLICA DOMINICANA,SANTIAGO,SANTIAGO,PLANTA 25 MGD,"1,76"
2021,ENERO,REPUBLICA DOMINICANA,SANTIAGO,VILLA GONZALEZ,PLANTA VILLA GONZALEZ,"0,13"
2021,ENERO,REPUBLICA DOMINICANA,SANTIAGO,VILLA GONZALEZ,PLANTA VILLA GONZALEZ II,"0,07"
2021,FEBRERO,REPUBLICA DOMINICANA,SANTIAGO,SAN JOSE DE LAS MATAS,SAJOMA,"0,04"
2021,FEBRERO,REPUBLICA DOMINICANA,SANTIAGO,SANTIAGO,PLANTA LA BARRANQUITA,"0,03"
2021,FEBRERO,REPUBLICA DOMINICANA,SANTIAGO,SANTIAGO,PLANTA NORIEGA,"9,50"
2021,FEBRERO,REPUBLICA DOMINICANA,SANTIAGO,SANTIAGO,PLANTA NORIEGA II,"0,00"
2021,FEBRERO,REPUBLICA DOMINICANA,SANTIAGO,SANTIAGO,PLANTA 10 MGD,"0,93"
2021,FEBRERO,REPUBLICA DOMINICANA,SANTIAGO,SANTIAGO,PLANTA 25 MGD,"1,56"
2021,FEBRERO,REPUBLICA DOMINICANA,SANTIAGO,VILLA GONZALEZ,PLANTA VILLA GONZALEZ,"0,14"
2021,FEBRERO,REPUBLICA DOMINICANA,SANTIAGO,VILLA GONZALEZ,PLANTA VILLA GONZALEZ II,"0,07"
2021,MARZO,REPUBLICA DOMINICANA,SANTIAGO,SAN JOSE DE LAS MATAS,SAJOMA,"0,03"
2021,MARZO,REPUBLICA DOMINICANA,SANTIAGO,SANTIAGO,PLANTA LA BARRANQUITA,"0,03"
2021,MARZO,REPUBLICA DOMINICANA,SANTIAGO,SANTIAGO,PLANTA NORIEGA,"9,50"
2021,MARZO,REPUBLICA DOMINICANA,SANTIAGO,SANTIAGO,PLANTA NORIEGA II,"0,00"
2021,MARZO,REPUBLICA DOMINICANA,SANTIAGO,SANTIAGO,PLANTA 10 MGD,"1,01"
2021,MARZO,REPUBLICA DOMINICANA,SANTIAGO,SANTIAGO,PLANTA 25 MGD,"1,45"
2021,MARZO,REPUBLICA DOMINICANA,SANTIAGO,VILLA GONZALEZ,PLANTA VILLA GONZALEZ,"0,13"
2021,MARZO,REPUBLICA DOMINICANA,SANTIAGO,VILLA GONZALEZ,PLANTA VILLA GONZALEZ II,"0,07"
2021,ABRIL,REPUBLICA DOMINICANA,SANTIAGO,SAN JOSE DE LAS MATAS,SAJOMA,"0,04"
2021,ABRIL,REPUBLICA DOMINICANA,SANTIAGO,SANTIAGO,PLANTA LA BARRANQUITA,"0,03"
2021,ABRIL,REPUBLICA DOMINICANA,SANTIAGO,SANTIAGO,PLANTA NORIEGA,"9,19"
2021,ABRIL,REPUBLICA DOMINICANA,SANTIAGO,SANTIAGO,PLANTA NORIEGA II,"0,00"
2021,ABRIL,REPUBLICA DOMINICANA,SANTIAGO,SANTIAGO,PLANTA 10 MGD,"0,98"
2021,ABRIL,REPUBLICA DOMINICANA,SANTIAGO,SANTIAGO,PLANTA 25 MGD,"1,62"
2021,ABRIL,REPUBLICA DOMINICANA,SANTIAGO,VILLA GONZALEZ,PLANTA VILLA GONZALEZ,"0,12"
2021,ABRIL,REPUBLICA DOMINICANA,SANTIAGO,VILLA GONZALEZ,PLANTA VILLA GONZALEZ II,"0,07"
2021,MAYO,REPUBLICA DOMINICANA,SANTIAGO,SAN JOSE DE LAS MATAS,SAJOMA,"0,04"
2021,MAYO,REPUBLICA DOMINICANA,SANTIAGO,SANTIAGO,PLANTA LA BARRANQUITA,"0,03"
2021,MAYO,REPUBLICA DOMINICANA,SANTIAGO,SANTIAGO,PLANTA NORIEGA,"9,50"
2021,MAYO,REPUBLICA DOMINICANA,SANTIAGO,SANTIAGO,PLANTA NORIEGA II,"0,00"
2021,MAYO,REPUBLICA DOMINICANA,SANTIAGO,SANTIAGO,PLANTA 10 MGD,"0,98"
2021,MAYO,REPUBLICA DOMINICANA,SANTIAGO,SANTIAGO,PLANTA 25 MGD,"1,64"
2021,MAYO,REPUBLICA DOMINICANA,SANTIAGO,VILLA GONZALEZ,PLANTA VILLA GONZALEZ,"0,13"
2021,MAYO,REPUBLICA DOMINICANA,SANTIAGO,VILLA GONZALEZ,PLANTA VILLA GONZALEZ II,"0,06"
2021,JUNIO,REPUBLICA DOMINICANA,SANTIAGO,SAN JOSE DE LAS MATAS,SAJOMA,"0,04"
2021,JUNIO,REPUBLICA DOMINICANA,SANTIAGO,SANTIAGO,PLANTA LA BARRANQUITA,"0,03"
2021,JUNIO,REPUBLICA DOMINICANA,SANTIAGO,SANTIAGO,PLANTA NORIEGA,"9,19"
2021,JUNIO,REPUBLICA DOMINICANA,SANTIAGO,SANTIAGO,PLANTA NORIEGA II,"0,00"
2021,JUNIO,REPUBLICA DOMINICANA,SANTIAGO,SANTIAGO,PLANTA 10 MGD,"0,96"
2021,JUNIO,REPUBLICA DOMINICANA,SANTIAGO,SANTIAGO,PLANTA 25 MGD,"1,55"
2021,JUNIO,REPUBLICA DOMINICANA,SANTIAGO,VILLA GONZALEZ,PLANTA VILLA GONZALEZ,"0,13"
2021,JUNIO,REPUBLICA DOMINICANA,SANTIAGO,VILLA GONZALEZ,PLANTA VILLA GONZALEZ II,"0,07"
2021,JULIO,REPUBLICA DOMINICANA,SANTIAGO,SAN JOSE DE LAS MATAS,SAJOMA,"0,05"
2021,JULIO,REPUBLICA DOMINICANA,SANTIAGO,SANTIAGO,PLANTA LA BARRANQUITA,"0,03"
2021,JULIO,REPUBLICA DOMINICANA,SANTIAGO,SANTIAGO,PLANTA NORIEGA,"9,50"
2021,JULIO,REPUBLICA DOMINICANA,SANTIAGO,SANTIAGO,PLANTA NORIEGA II,"0,00"
2021,JULIO,REPUBLICA DOMINICANA,SANTIAGO,SANTIAGO,PLANTA 10 MGD,"1,00"
2021,JULIO,REPUBLICA DOMINICANA,SANTIAGO,SANTIAGO,PLANTA 25 MGD,"1,71"
2021,JULIO,REPUBLICA DOMINICANA,SANTIAGO,VILLA GONZALEZ,PLANTA VILLA GONZALEZ,"0,12"
2021,JULIO,REPUBLICA DOMINICANA,SANTIAGO,VILLA GONZALEZ,PLANTA VILLA GONZALEZ II,"0,07"
2021,AGOSTO,REPUBLICA DOMINICANA,SANTIAGO,SAN JOSE DE LAS MATAS,SAJOMA,"0,04"
2021,AGOSTO,REPUBLICA DOMINICANA,SANTIAGO,SANTIAGO,PLANTA LA BARRANQUITA,"0,03"
2021,AGOSTO,REPUBLICA DOMINICANA,SANTIAGO,SANTIAGO,PLANTA NORIEGA,"9,50"
2021,AGOSTO,REPUBLICA DOMINICANA,SANTIAGO,SANTIAGO,PLANTA NORIEGA II,"0,00"
2021,AGOSTO,REPUBLICA DOMINICANA,SANTIAGO,SANTIAGO,PLANTA 10 MGD,"0,95"
2021,AGOSTO,REPUBLICA DOMINICANA,SANTIAGO,SANTIAGO,PLANTA 25 MGD,"1,60"
2021,AGOSTO,REPUBLICA DOMINICANA,SANTIAGO,VILLA GONZALEZ,PLANTA VILLA GONZALEZ,"0,12"
2021,AGOSTO,REPUBLICA DOMINICANA,SANTIAGO,VILLA GONZALEZ,PLANTA VILLA GONZALEZ II,"0,06"
2021,SEPTIEMBRE,REPUBLICA DOMINICANA,SANTIAGO,SAN JOSE DE LAS MATAS,SAJOMA,"0,04"
2021,SEPTIEMBRE,REPUBLICA DOMINICANA,SANTIAGO,SANTIAGO,PLANTA LA BARRANQUITA,"0,03"
2021,SEPTIEMBRE,REPUBLICA DOMINICANA,SANTIAGO,SANTIAGO,PLANTA NORIEGA,"9,43"
2021,SEPTIEMBRE,REPUBLICA DOMINICANA,SANTIAGO,SANTIAGO,PLANTA NORIEGA II,"0,00"
2021,SEPTIEMBRE,REPUBLICA DOMINICANA,SANTIAGO,SANTIAGO,PLANTA 10 MGD,"0,91"
2021,SEPTIEMBRE,REPUBLICA DOMINICANA,SANTIAGO,SANTIAGO,PLANTA 25 MGD,"1,56"
2021,SEPTIEMBRE,REPUBLICA DOMINICANA,SANTIAGO,VILLA GONZALEZ,PLANTA VILLA GONZALEZ,"0,13"
2021,SEPTIEMBRE,REPUBLICA DOMINICANA,SANTIAGO,VILLA GONZALEZ,PLANTA VILLA GONZALEZ II,"0,06"
2021,OCTUBRE,REPUBLICA DOMINICANA,SANTIAGO,SAN JOSE DE LAS MATAS,SAJOMA,"0,02"
2021,OCTUBRE,REPUBLICA DOMINICANA,SANTIAGO,SANTIAGO,PLANTA LA BARRANQUITA,"0,03"
2021,OCTUBRE,REPUBLICA DOMINICANA,SANTIAGO,SANTIAGO,PLANTA NORIEGA,"9,28"
2021,OCTUBRE,REPUBLICA DOMINICANA,SANTIAGO,SANTIAGO,PLANTA NORIEGA II,"0,00"
2021,OCTUBRE,REPUBLICA DOMINICANA,SANTIAGO,SANTIAGO,PLANTA 10 MGD,"0,85"
2021,OCTUBRE,REPUBLICA DOMINICANA,SANTIAGO,SANTIAGO,PLANTA 25 MGD,"1,62"
2021,OCTUBRE,REPUBLICA DOMINICANA,SANTIAGO,VILLA GONZALEZ,PLANTA VILLA GONZALEZ,"0,08"
2021,OCTUBRE,REPUBLICA DOMINICANA,SANTIAGO,VILLA GONZALEZ,PLANTA VILLA GONZALEZ II,"0,06"
2021,NOVIEMBRE,REPUBLICA DOMINICANA,SANTIAGO,CIENFUEGOS,PLANTA DE CIENFUEGOS,"1,82"
2021,NOVIEMBRE,REPUBLICA DOMINICANA,SANTIAGO,SAN JOSE DE LAS MATAS,SAJOMA,"0,05"
2021,NOVIEMBRE,REPUBLICA DOMINICANA,SANTIAGO,SANTIAGO,PLANTA LA BARRANQUITA,"0,03"
2021,NOVIEMBRE,REPUBLICA DOMINICANA,SANTIAGO,SANTIAGO,PLANTA NORIEGA,"9,19"
2021,NOVIEMBRE,REPUBLICA DOMINICANA,SANTIAGO,SANTIAGO,PLANTA NORIEGA II,"0,00"
2021,NOVIEMBRE,REPUBLICA DOMINICANA,SANTIAGO,SANTIAGO,PLANTA 10 MGD,"0,90"
2021,NOVIEMBRE,REPUBLICA DOMINICANA,SANTIAGO,SANTIAGO,PLANTA 25 MGD,"1,67"
2021,NOVIEMBRE,REPUBLICA DOMINICANA,SANTIAGO,VILLA GONZALEZ,PLANTA VILLA GONZALEZ,"0,11"
2021,NOVIEMBRE,REPUBLICA DOMINICANA,SANTIAGO,VILLA GONZALEZ,PLANTA VILLA GONZALEZ II,"0,06"
2021,DICIEMBRE,REPUBLICA DOMINICANA,SANTIAGO,CIENFUEGOS,PLANTA DE CIENFUEGOS,"2,13"
2021,DICIEMBRE,REPUBLICA DOMINICANA,SANTIAGO,SAN JOSE DE LAS MATAS,SAJOMA,"0,01"
2021,DICIEMBRE,REPUBLICA DOMINICANA,SANTIAGO,SANTIAGO,PLANTA LA BARRANQUITA,"0,03"
2021,DICIEMBRE,REPUBLICA DOMINICANA,SANTIAGO,SANTIAGO,PLANTA NORIEGA,"9,50"
2021,DICIEMBRE,REPUBLICA DOMINICANA,SANTIAGO,SANTIAGO,PLANTA NORIEGA II,"0,00"
2021,DICIEMBRE,REPUBLICA DOMINICANA,SANTIAGO,SANTIAGO,PLANTA 10 MGD,"0,41"
2021,DICIEMBRE,REPUBLICA DOMINICANA,SANTIAGO,SANTIAGO,PLANTA 25 MGD,"1,71"
2021,DICIEMBRE,REPUBLICA DOMINICANA,SANTIAGO,VILLA GONZALEZ,PLANTA VILLA GONZALEZ,"0,15"
2021,DICIEMBRE,REPUBLICA DOMINICANA,SANTIAGO,VILLA GONZALEZ,PLANTA VILLA GONZALEZ II,"0,06"
2022,ENERO,REPUBLICA DOMINICANA,SANTIAGO,CIENFUEGOS,PLANTA DE CIENFUEGOS,"2,09"
2022,ENERO,REPUBLICA DOMINICANA,SANTIAGO,SAN JOSE DE LAS MATAS,SAJOMA,"0,05"
2022,ENERO,REPUBLICA DOMINICANA,SANTIAGO,SANTIAGO,PLANTA LA BARRANQUITA,"0,03"
2022,ENERO,REPUBLICA DOMINICANA,SANTIAGO,SANTIAGO,PLANTA NORIEGA,"9,52"
2022,ENERO,REPUBLICA DOMINICANA,SANTIAGO,SANTIAGO,PLANTA NORIEGA II,"0,00"
2022,ENERO,REPUBLICA DOMINICANA,SANTIAGO,SANTIAGO,PLANTA 10 MGD,"0,96"
2022,ENERO,REPUBLICA DOMINICANA,SANTIAGO,SANTIAGO,PLANTA 25 MGD,"1,64"
2022,ENERO,REPUBLICA DOMINICANA,SANTIAGO,VILLA GONZALEZ,PLANTA VILLA GONZALEZ,"0,14"
2022,ENERO,REPUBLICA DOMINICANA,SANTIAGO,VILLA GONZALEZ,PLANTA VILLA GONZALEZ II,"0,06"
2022,FEBRERO,REPUBLICA DOMINICANA,SANTIAGO,CIENFUEGOS,PLANTA DE CIENFUEGOS,"1,76"
2022,FEBRERO,REPUBLICA DOMINICANA,SANTIAGO,SAN JOSE DE LAS MATAS,SAJOMA,"0,04"
2022,FEBRERO,REPUBLICA DOMINICANA,SANTIAGO,SANTIAGO,PLANTA DE LA CANELA,"0,33"
2022,FEBRERO,REPUBLICA DOMINICANA,SANTIAGO,SANTIAGO,PLANTA LA BARRANQUITA,"0,03"
2022,FEBRERO,REPUBLICA DOMINICANA,SANTIAGO,SANTIAGO,PLANTA NORIEGA,"8,58"
2022,FEBRERO,REPUBLICA DOMINICANA,SANTIAGO,SANTIAGO,PLANTA NORIEGA II,"0,00"
2022,FEBRERO,REPUBLICA DOMINICANA,SANTIAGO,SANTIAGO,PLANTA 10 MGD,"0,89"
2022,FEBRERO,REPUBLICA DOMINICANA,SANTIAGO,SANTIAGO,PLANTA 25 MGD,"1,55"
2022,FEBRERO,REPUBLICA DOMINICANA,SANTIAGO,VILLA GONZALEZ,PLANTA VILLA GONZALEZ,"0,12"
2022,FEBRERO,REPUBLICA DOMINICANA,SANTIAGO,VILLA GONZALEZ,PLANTA VILLA GONZALEZ II,"0,06"
2022,MARZO,REPUBLICA DOMINICANA,SANTIAGO,CIENFUEGOS,PLANTA DE CIENFUEGOS,"2,07"
2022,MARZO,REPUBLICA DOMINICANA,SANTIAGO,SAN JOSE DE LAS MATAS,SAJOMA,"0,04"
2022,MARZO,REPUBLICA DOMINICANA,SANTIAGO,SANTIAGO,PLANTA DE LA CANELA,"0,33"
2022,MARZO,REPUBLICA DOMINICANA,SANTIAGO,SANTIAGO,PLANTA LA BARRANQUITA,"0,03"
2022,MARZO,REPUBLICA DOMINICANA,SANTIAGO,SANTIAGO,PLANTA NORIEGA,"9,50"
2022,MARZO,REPUBLICA DOMINICANA,SANTIAGO,SANTIAGO,PLANTA NORIEGA II,"0,00"
2022,MARZO,REPUBLICA DOMINICANA,SANTIAGO,SANTIAGO,PLANTA 10 MGD,"0,80"
2022,MARZO,REPUBLICA DOMINICANA,SANTIAGO,SANTIAGO,PLANTA 25 MGD,"2,08"
2022,MARZO,REPUBLICA DOMINICANA,SANTIAGO,VILLA GONZALEZ,PLANTA VILLA GONZALEZ,"0,12"
2022,MARZO,REPUBLICA DOMINICANA,SANTIAGO,VILLA GONZALEZ,PLANTA VILLA GONZALEZ II,"0,06"
2022,ABRIL,REPUBLICA DOMINICANA,SANTIAGO,CIENFUEGOS,PLANTA DE CIENFUEGOS,"1,95"
2022,ABRIL,REPUBLICA DOMINICANA,SANTIAGO,SAN JOSE DE LAS MATAS,SAJOMA,"0,04"
2022,ABRIL,REPUBLICA DOMINICANA,SANTIAGO,SANTIAGO,PLANTA DE LA CANELA,"0,31"
2022,ABRIL,REPUBLICA DOMINICANA,SANTIAGO,SANTIAGO,PLANTA LA BARRANQUITA,"0,03"
2022,ABRIL,REPUBLICA DOMINICANA,SANTIAGO,SANTIAGO,PLANTA NORIEGA,"9,19"
2022,ABRIL,REPUBLICA DOMINICANA,SANTIAGO,SANTIAGO,PLANTA NORIEGA II,"0,00"
2022,ABRIL,REPUBLICA DOMINICANA,SANTIAGO,SANTIAGO,PLANTA 10 MGD,"0,89"
2022,ABRIL,REPUBLICA DOMINICANA,SANTIAGO,SANTIAGO,PLANTA 25 MGD,"2,14"
2022,ABRIL,REPUBLICA DOMINICANA,SANTIAGO,VILLA GONZALEZ,PLANTA VILLA GONZALEZ,"0,12"
2022,ABRIL,REPUBLICA DOMINICANA,SANTIAGO,VILLA GONZALEZ,PLANTA VILLA GONZALEZ II,"0,06"
2022,MAYO,REPUBLICA DOMINICANA,SANTIAGO,CIENFUEGOS,PLANTA DE CIENFUEGOS,"1,85"
2022,MAYO,REPUBLICA DOMINICANA,SANTIAGO,SAN JOSE DE LAS MATAS,SAJOMA,"0,04"
2022,MAYO,REPUBLICA DOMINICANA,SANTIAGO,SANTIAGO,PLANTA DE LA CANELA,"0,17"
2022,MAYO,REPUBLICA DOMINICANA,SANTIAGO,SANTIAGO,PLANTA LA BARRANQUITA,"0,03"
2022,MAYO,REPUBLICA DOMINICANA,SANTIAGO,SANTIAGO,PLANTA NORIEGA,"9,49"
2022,MAYO,REPUBLICA DOMINICANA,SANTIAGO,SANTIAGO,PLANTA NORIEGA II,"0,00"
2022,MAYO,REPUBLICA DOMINICANA,SANTIAGO,SANTIAGO,PLANTA 10 MGD,"0,90"
2022,MAYO,REPUBLICA DOMINICANA,SANTIAGO,SANTIAGO,PLANTA 25 MGD,"2,15"
2022,MAYO,REPUBLICA DOMINICANA,SANTIAGO,VILLA GONZALEZ,PLANTA VILLA GONZALEZ,"0,13"
2022,MAYO,REPUBLICA DOMINICANA,SANTIAGO,VILLA GONZALEZ,PLANTA VILLA GONZALEZ II,"0,06"
2022,JUNIO,REPUBLICA DOMINICANA,SANTIAGO,CIENFUEGOS,PLANTA DE CIENFUEGOS,"2,12"
2022,JUNIO,REPUBLICA DOMINICANA,SANTIAGO,SAN JOSE DE LAS MATAS,SAJOMA,"0,03"
2022,JUNIO,REPUBLICA DOMINICANA,SANTIAGO,SANTIAGO,PLANTA DE LA CANELA,"0,35"
2022,JUNIO,REPUBLICA DOMINICANA,SANTIAGO,SANTIAGO,PLANTA LA BARRANQUITA,"0,03"
2022,JUNIO,REPUBLICA DOMINICANA,SANTIAGO,SANTIAGO,PLANTA NORIEGA,"9,19"
2022,JUNIO,REPUBLICA DOMINICANA,SANTIAGO,SANTIAGO,PLANTA NORIEGA II,"0,00"
2022,JUNIO,REPUBLICA DOMINICANA,SANTIAGO,SANTIAGO,PLANTA 10 MGD,"0,84"
2022,JUNIO,REPUBLICA DOMINICANA,SANTIAGO,SANTIAGO,PLANTA 25 MGD,"2,08"
2022,JUNIO,REPUBLICA DOMINICANA,SANTIAGO,VILLA GONZALEZ,PLANTA VILLA GONZALEZ,"0,14"
2022,JUNIO,REPUBLICA DOMINICANA,SANTIAGO,VILLA GONZALEZ,PLANTA VILLA GONZALEZ II,"0,05"
2022,JULIO,REPUBLICA DOMINICANA,SANTIAGO,CIENFUEGOS,PLANTA DE CIENFUEGOS,"1,98"
2022,JULIO,REPUBLICA DOMINICANA,SANTIAGO,SAN JOSE DE LAS MATAS,SAJOMA,"0,03"
2022,JULIO,REPUBLICA DOMINICANA,SANTIAGO,SANTIAGO,PLANTA DE LA CANELA,"0,36"
2022,JULIO,REPUBLICA DOMINICANA,SANTIAGO,SANTIAGO,PLANTA LA BARRANQUITA,"0,03"
2022,JULIO,REPUBLICA DOMINICANA,SANTIAGO,SANTIAGO,PLANTA NORIEGA,"9,50"
2022,JULIO,REPUBLICA DOMINICANA,SANTIAGO,SANTIAGO,PLANTA NORIEGA II,"0,00"
2022,JULIO,REPUBLICA DOMINICANA,SANTIAGO,SANTIAGO,PLANTA 10 MGD,"0,88"
2022,JULIO,REPUBLICA DOMINICANA,SANTIAGO,SANTIAGO,PLANTA 25 MGD,"2,11"
2022,JULIO,REPUBLICA DOMINICANA,SANTIAGO,VILLA GONZALEZ,PLANTA VILLA GONZALEZ,"0,14"
2022,JULIO,REPUBLICA DOMINICANA,SANTIAGO,VILLA GONZALEZ,PLANTA VILLA GONZALEZ II,"0,06"
2022,AGOSTO,REPUBLICA DOMINICANA,SANTIAGO,CIENFUEGOS,PLANTA DE CIENFUEGOS,"2,07"
2022,AGOSTO,REPUBLICA DOMINICANA,SANTIAGO,SAN JOSE DE LAS MATAS,SAJOMA,"0,36"
2022,AGOSTO,REPUBLICA DOMINICANA,SANTIAGO,SANTIAGO,PLANTA DE LA CANELA,"0,33"
2022,AGOSTO,REPUBLICA DOMINICANA,SANTIAGO,SANTIAGO,PLANTA LA BARRANQUITA,"0,03"
2022,AGOSTO,REPUBLICA DOMINICANA,SANTIAGO,SANTIAGO,PLANTA NORIEGA,"9,50"
2022,AGOSTO,REPUBLICA DOMINICANA,SANTIAGO,SANTIAGO,PLANTA NORIEGA II,"0,00"
2022,AGOSTO,REPUBLICA DOMINICANA,SANTIAGO,SANTIAGO,PLANTA 10 MGD,"0,88"
2022,AGOSTO,REPUBLICA DOMINICANA,SANTIAGO,SANTIAGO,PLANTA 25 MGD,"1,87"
2022,AGOSTO,REPUBLICA DOMINICANA,SANTIAGO,VILLA GONZALEZ,PLANTA VILLA GONZALEZ,"0,14"
2022,AGOSTO,REPUBLICA DOMINICANA,SANTIAGO,VILLA GONZALEZ,PLANTA VILLA GONZALEZ II,"0,06"
2022,SEPTIEMBRE,REPUBLICA DOMINICANA,SANTIAGO,CIENFUEGOS,PLANTA DE CIENFUEGOS,"1,40"
2022,SEPTIEMBRE,REPUBLICA DOMINICANA,SANTIAGO,SAN JOSE DE LAS MATAS,SAJOMA,"0,03"
2022,SEPTIEMBRE,REPUBLICA DOMINICANA,SANTIAGO,SANTIAGO,PLANTA DE LA CANELA,"0,30"
2022,SEPTIEMBRE,REPUBLICA DOMINICANA,SANTIAGO,SANTIAGO,PLANTA LA BARRANQUITA,"0,03"
2022,SEPTIEMBRE,REPUBLICA DOMINICANA,SANTIAGO,SANTIAGO,PLANTA NORIEGA,"9,06"
2022,SEPTIEMBRE,REPUBLICA DOMINICANA,SANTIAGO,SANTIAGO,PLANTA NORIEGA II,"0,00"
2022,SEPTIEMBRE,REPUBLICA DOMINICANA,SANTIAGO,SANTIAGO,PLANTA 10 MGD,"0,74"
2022,SEPTIEMBRE,REPUBLICA DOMINICANA,SANTIAGO,SANTIAGO,PLANTA 25 MGD,"1,67"
2022,SEPTIEMBRE,REPUBLICA DOMINICANA,SANTIAGO,VILLA GONZALEZ,PLANTA VILLA GONZALEZ,"0,13"
2022,SEPTIEMBRE,REPUBLICA DOMINICANA,SANTIAGO,VILLA GONZALEZ,PLANTA VILLA GONZALEZ II,"0,05"
2022,OCTUBRE,REPUBLICA DOMINICANA,SANTIAGO,CIENFUEGOS,PLANTA DE CIENFUEGOS,"1,76"
2022,OCTUBRE,REPUBLICA DOMINICANA,SANTIAGO,SAN JOSE DE LAS MATAS,SAJOMA,"0,04"
2022,OCTUBRE,REPUBLICA DOMINICANA,SANTIAGO,SANTIAGO,PLANTA DE LA CANELA,"0,29"
2022,OCTUBRE,REPUBLICA DOMINICANA,SANTIAGO,SANTIAGO,PLANTA LA BARRANQUITA,"0,02"
2022,OCTUBRE,REPUBLICA DOMINICANA,SANTIAGO,SANTIAGO,PLANTA NORIEGA,"9,50"
2022,OCTUBRE,REPUBLICA DOMINICANA,SANTIAGO,SANTIAGO,PLANTA NORIEGA II,"0,00"
2022,OCTUBRE,REPUBLICA DOMINICANA,SANTIAGO,SANTIAGO,PLANTA 10 MGD,"0,85"
2022,OCTUBRE,REPUBLICA DOMINICANA,SANTIAGO,SANTIAGO,PLANTA 25 MGD,"1,92"
2022,OCTUBRE,REPUBLICA DOMINICANA,SANTIAGO,VILLA GONZALEZ,PLANTA VILLA GONZALEZ,"0,14"
2022,OCTUBRE,REPUBLICA DOMINICANA,SANTIAGO,VILLA GONZALEZ,PLANTA VILLA GONZALEZ II,"0,06"
2022,NOVIEMBRE,REPUBLICA DOMINICANA,SANTIAGO,CIENFUEGOS,PLANTA DE CIENFUEGOS,"2,04"
2022,NOVIEMBRE,REPUBLICA DOMINICANA,SANTIAGO,SAN JOSE DE LAS MATAS,SAJOMA,"0,05"
2022,NOVIEMBRE,REPUBLICA DOMINICANA,SANTIAGO,SANTIAGO,PLANTA DE LA CANELA,"0,32"
2022,NOVIEMBRE,REPUBLICA DOMINICANA,SANTIAGO,SANTIAGO,PLANTA LA BARRANQUITA,"0,02"
2022,NOVIEMBRE,REPUBLICA DOMINICANA,SANTIAGO,SANTIAGO,PLANTA NORIEGA,"9,06"
2022,NOVIEMBRE,REPUBLICA DOMINICANA,SANTIAGO,SANTIAGO,PLANTA NORIEGA II,"0,00"
2022,NOVIEMBRE,REPUBLICA DOMINICANA,SANTIAGO,SANTIAGO,PLANTA 10 MGD,"0,86"
2022,NOVIEMBRE,REPUBLICA DOMINICANA,SANTIAGO,SANTIAGO,PLANTA 25 MGD,"1,96"
2022,NOVIEMBRE,REPUBLICA DOMINICANA,SANTIAGO,VILLA GONZALEZ,PLANTA VILLA GONZALEZ,"0,13"
2022,NOVIEMBRE,REPUBLICA DOMINICANA,SANTIAGO,VILLA GONZALEZ,PLANTA VILLA GONZALEZ II,"0,06"
2022,DICIEMBRE,REPUBLICA DOMINICANA,SANTIAGO,CIENFUEGOS,PLANTA DE CIENFUEGOS,"2,23"
2022,DICIEMBRE,REPUBLICA DOMINICANA,SANTIAGO,SAN JOSE DE LAS MATAS,SAJOMA,"0,05"
2022,DICIEMBRE,REPUBLICA DOMINICANA,SANTIAGO,SANTIAGO,PLANTA DE LA CANELA,"0,37"
2022,DICIEMBRE,REPUBLICA DOMINICANA,SANTIAGO,SANTIAGO,PLANTA LA BARRANQUITA,"0,03"
2022,DICIEMBRE,REPUBLICA DOMINICANA,SANTIAGO,SANTIAGO,PLANTA NORIEGA,"9,49"
2022,DICIEMBRE,REPUBLICA DOMINICANA,SANTIAGO,SANTIAGO,PLANTA NORIEGA II,"0,00"
2022,DICIEMBRE,REPUBLICA DOMINICANA,SANTIAGO,SANTIAGO,PLANTA 10 MGD,"0,98"
2022,DICIEMBRE,REPUBLICA DOMINICANA,SANTIAGO,SANTIAGO,PLANTA 25 MGD,"1,87"
2022,DICIEMBRE,REPUBLICA DOMINICANA,SANTIAGO,VILLA GONZALEZ,PLANTA VILLA GONZALEZ,"0,14"
2022,DICIEMBRE,REPUBLICA DOMINICANA,SANTIAGO,VILLA GONZALEZ,PLANTA VILLA GONZALEZ II,"0,07"
2023,ENERO,REPUBLICA DOMINICANA,SANTIAGO,CIENFUEGOS,PLANTA DE CIENFUEGOS,"2,00"
2023,ENERO,REPUBLICA DOMINICANA,SANTIAGO,SAN JOSE DE LAS MATAS,SAJOMA,"0,05"
2023,ENERO,REPUBLICA DOMINICANA,SANTIAGO,SANTIAGO,PLANTA DE LA CANELA,"0,37"
2023,ENERO,REPUBLICA DOMINICANA,SANTIAGO,SANTIAGO,PLANTA LA BARRANQUITA,"0,03"
2023,ENERO,REPUBLICA DOMINICANA,SANTIAGO,SANTIAGO,PLANTA NORIEGA,"9,50"
2023,ENERO,REPUBLICA DOMINICANA,SANTIAGO,SANTIAGO,PLANTA NORIEGA II,"0,00"
2023,ENERO,REPUBLICA DOMINICANA,SANTIAGO,SANTIAGO,PLANTA 10 MGD,"0,89"
2023,ENERO,REPUBLICA DOMINICANA,SANTIAGO,SANTIAGO,PLANTA 25 MGD,"1,67"
2023,ENERO,REPUBLICA DOMINICANA,SANTIAGO,VILLA GONZALEZ,PLANTA VILLA GONZALEZ,"0,12"
2023,ENERO,REPUBLICA DOMINICANA,SANTIAGO,VILLA GONZALEZ,PLANTA VILLA GONZALEZ II,"0,06"
2023,FEBRERO,REPUBLICA DOMINICANA,SANTIAGO,CIENFUEGOS,PLANTA DE CIENFUEGOS,"1,64"
2023,FEBRERO,REPUBLICA DOMINICANA,SANTIAGO,SAN JOSE DE LAS MATAS,SAJOMA,"0,03"
2023,FEBRERO,REPUBLICA DOMINICANA,SANTIAGO,SANTIAGO,PLANTA DE LA CANELA,"0,33"
2023,FEBRERO,REPUBLICA DOMINICANA,SANTIAGO,SANTIAGO,PLANTA LA BARRANQUITA,"0,03"
2023,FEBRERO,REPUBLICA DOMINICANA,SANTIAGO,SANTIAGO,PLANTA NORIEGA,"10,26"
2023,FEBRERO,REPUBLICA DOMINICANA,SANTIAGO,SANTIAGO,PLANTA NORIEGA II,"0,00"
2023,FEBRERO,REPUBLICA DOMINICANA,SANTIAGO,SANTIAGO,PLANTA 10 MGD,"0,78"
2023,FEBRERO,REPUBLICA DOMINICANA,SANTIAGO,SANTIAGO,PLANTA 25 MGD,"1,79"
2023,FEBRERO,REPUBLICA DOMINICANA,SANTIAGO,VILLA GONZALEZ,PLANTA VILLA GONZALEZ,"0,12"
2023,FEBRERO,REPUBLICA DOMINICANA,SANTIAGO,VILLA GONZALEZ,PLANTA VILLA GONZALEZ II,"0,06"
2023,MARZO,REPUBLICA DOMINICANA,SANTIAGO,CIENFUEGOS,PLANTA DE CIENFUEGOS,"1,84"
2023,MARZO,REPUBLICA DOMINICANA,SANTIAGO,SAN JOSE DE LAS MATAS,SAJOMA,"0,04"
2023,MARZO,REPUBLICA DOMINICANA,SANTIAGO,SANTIAGO,PLANTA DE LA CANELA,"0,36"
2023,MARZO,REPUBLICA DOMINICANA,SANTIAGO,SANTIAGO,PLANTA LA BARRANQUITA,"0,03"
2023,MARZO,REPUBLICA DOMINICANA,SANTIAGO,SANTIAGO,PLANTA NORIEGA,"9,49"
2023,MARZO,REPUBLICA DOMINICANA,SANTIAGO,SANTIAGO,PLANTA NORIEGA II,"0,00"
2023,MARZO,REPUBLICA DOMINICANA,SANTIAGO,SANTIAGO,PLANTA 10 MGD,"0,78"
2023,MARZO,REPUBLICA DOMINICANA,SANTIAGO,SANTIAGO,PLANTA 25 MGD,"2,19"
2023,MARZO,REPUBLICA DOMINICANA,SANTIAGO,VILLA GONZALEZ,PLANTA VILLA GONZALEZ,"0,11"
2023,MARZO,REPUBLICA DOMINICANA,SANTIAGO,VILLA GONZALEZ,PLANTA VILLA GONZALEZ II,"0,06"
2023,ABRIL,REPUBLICA DOMINICANA,SANTIAGO,CIENFUEGOS,PLANTA DE CIENFUEGOS,"1,54"
2023,ABRIL,REPUBLICA DOMINICANA,SANTIAGO,SAN JOSE DE LAS MATAS,SAJOMA,"0,04"
2023,ABRIL,REPUBLICA DOMINICANA,SANTIAGO,SANTIAGO,PLANTA DE LA CANELA,"0,28"
2023,ABRIL,REPUBLICA DOMINICANA,SANTIAGO,SANTIAGO,PLANTA LA BARRANQUITA,"0,02"
2023,ABRIL,REPUBLICA DOMINICANA,SANTIAGO,SANTIAGO,PLANTA NORIEGA,"9,11"
2023,ABRIL,REPUBLICA DOMINICANA,SANTIAGO,SANTIAGO,PLANTA NORIEGA II,"0,00"
2023,ABRIL,REPUBLICA DOMINICANA,SANTIAGO,SANTIAGO,PLANTA 10 MGD,"0,87"
2023,ABRIL,REPUBLICA DOMINICANA,SANTIAGO,SANTIAGO,PLANTA 25 MGD,"1,68"
2023,ABRIL,REPUBLICA DOMINICANA,SANTIAGO,VILLA GONZALEZ,PLANTA VILLA GONZALEZ,"0,10"
2023,ABRIL,REPUBLICA DOMINICANA,SANTIAGO,VILLA GONZALEZ,PLANTA VILLA GONZALEZ II,"0,05"
2023,MAYO,REPUBLICA DOMINICANA,SANTIAGO,CIENFUEGOS,PLANTA DE CIENFUEGOS,"1,75"
2023,MAYO,REPUBLICA DOMINICANA,SANTIAGO,SAN JOSE DE LAS MATAS,SAJOMA,"0,04"
2023,MAYO,REPUBLICA DOMINICANA,SANTIAGO,SANTIAGO,PLANTA DE LA CANELA,"0,28"
2023,MAYO,REPUBLICA DOMINICANA,SANTIAGO,SANTIAGO,PLANTA LA BARRANQUITA,"0,02"
2023,MAYO,REPUBLICA DOMINICANA,SANTIAGO,SANTIAGO,PLANTA NORIEGA,"9,47"
2023,MAYO,REPUBLICA DOMINICANA,SANTIAGO,SANTIAGO,PLANTA NORIEGA II,"0,00"
2023,MAYO,REPUBLICA DOMINICANA,SANTIAGO,SANTIAGO,PLANTA 10 MGD,"0,83"
2023,MAYO,REPUBLICA DOMINICANA,SANTIAGO,SANTIAGO,PLANTA 25 MGD,"1,90"
2023,MAYO,REPUBLICA DOMINICANA,SANTIAGO,VILLA GONZALEZ,PLANTA VILLA GONZALEZ,"0,10"
2023,MAYO,REPUBLICA DOMINICANA,SANTIAGO,VILLA GONZALEZ,PLANTA VILLA GONZALEZ II,"0,05"
2023,JUNIO,REPUBLICA DOMINICANA,SANTIAGO,CIENFUEGOS,PLANTA DE CIENFUEGOS,"1,76"
2023,JUNIO,REPUBLICA DOMINICANA,SANTIAGO,SAN JOSE DE LAS MATAS,SAJOMA,"0,04"
2023,JUNIO,REPUBLICA DOMINICANA,SANTIAGO,SANTIAGO,PLANTA DE LA CANELA,"0,35"
2023,JUNIO,REPUBLICA DOMINICANA,SANTIAGO,SANTIAGO,PLANTA LA BARRANQUITA,"0,03"
2023,JUNIO,REPUBLICA DOMINICANA,SANTIAGO,SANTIAGO,PLANTA NORIEGA,"9,19"
2023,JUNIO,REPUBLICA DOMINICANA,SANTIAGO,SANTIAGO,PLANTA NORIEGA II,"0,00"
2023,JUNIO,REPUBLICA DOMINICANA,SANTIAGO,SANTIAGO,PLANTA 10 MGD,"0,91"
2023,JUNIO,REPUBLICA DOMINICANA,SANTIAGO,SANTIAGO,PLANTA 25 MGD,"2,06"
2023,JUNIO,REPUBLICA DOMINICANA,SANTIAGO,VILLA GONZALEZ,PLANTA VILLA GONZALEZ,"0,11"
2023,JUNIO,REPUBLICA DOMINICANA,SANTIAGO,VILLA GONZALEZ,PLANTA VILLA GONZALEZ II,"0,06"
2023,JULIO,REPUBLICA DOMINICANA,SANTIAGO,CIENFUEGOS,PLANTA DE CIENFUEGOS,"2,00"
2023,JULIO,REPUBLICA DOMINICANA,SANTIAGO,SAN JOSE DE LAS MATAS,SAJOMA,"0,04"
2023,JULIO,REPUBLICA DOMINICANA,SANTIAGO,SANTIAGO,PLANTA DE LA CANELA,"0,27"
2023,JULIO,REPUBLICA DOMINICANA,SANTIAGO,SANTIAGO,PLANTA LA BARRANQUITA,"0,02"
2023,JULIO,REPUBLICA DOMINICANA,SANTIAGO,SANTIAGO,PLANTA NORIEGA,"9,46"
2023,JULIO,REPUBLICA DOMINICANA,SANTIAGO,SANTIAGO,PLANTA NORIEGA II,"0,00"
2023,JULIO,REPUBLICA DOMINICANA,SANTIAGO,SANTIAGO,PLANTA 10 MGD,"0,91"
2023,JULIO,REPUBLICA DOMINICANA,SANTIAGO,SANTIAGO,PLANTA 25 MGD,"1,78"
2023,JULIO,REPUBLICA DOMINICANA,SANTIAGO,VILLA GONZALEZ,PLANTA VILLA GONZALEZ,"0,12"
2023,JULIO,REPUBLICA DOMINICANA,SANTIAGO,VILLA GONZALEZ,PLANTA VILLA GONZALEZ II,"0,07"
2023,AGOSTO,REPUBLICA DOMINICANA,SANTIAGO,CIENFUEGOS,PLANTA DE CIENFUEGOS,"1,82"
2023,AGOSTO,REPUBLICA DOMINICANA,SANTIAGO,SAN JOSE DE LAS MATAS,SAJOMA,"0,04"
2023,AGOSTO,REPUBLICA DOMINICANA,SANTIAGO,SANTIAGO,PLANTA DE LA CANELA,"0,29"
2023,AGOSTO,REPUBLICA DOMINICANA,SANTIAGO,SANTIAGO,PLANTA LA BARRANQUITA,"0,03"
2023,AGOSTO,REPUBLICA DOMINICANA,SANTIAGO,SANTIAGO,PLANTA NORIEGA,"9,49"
2023,AGOSTO,REPUBLICA DOMINICANA,SANTIAGO,SANTIAGO,PLANTA NORIEGA II,"0,00"
2023,AGOSTO,REPUBLICA DOMINICANA,SANTIAGO,SANTIAGO,PLANTA 10 MGD,"0,71"
2023,AGOSTO,REPUBLICA DOMINICANA,SANTIAGO,SANTIAGO,PLANTA 25 MGD,"2,02"
2023,AGOSTO,REPUBLICA DOMINICANA,SANTIAGO,VILLA GONZALEZ,PLANTA VILLA GONZALEZ,"0,12"
2023,AGOSTO,REPUBLICA DOMINICANA,SANTIAGO,VILLA GONZALEZ,PLANTA VILLA GONZALEZ II,"0,06"
2023,SEPTIEMBRE,REPUBLICA DOMINICANA,SANTIAGO,CIENFUEGOS,PLANTA DE CIENFUEGOS,"2,02"
2023,SEPTIEMBRE,REPUBLICA DOMINICANA,SANTIAGO,SAN JOSE DE LAS MATAS,SAJOMA,"0,04"
2023,SEPTIEMBRE,REPUBLICA DOMINICANA,SANTIAGO,SANTIAGO,PLANTA DE LA CANELA,"0,31"
2023,SEPTIEMBRE,REPUBLICA DOMINICANA,SANTIAGO,SANTIAGO,PLANTA LA BARRANQUITA,"0,03"
2023,SEPTIEMBRE,REPUBLICA DOMINICANA,SANTIAGO,SANTIAGO,PLANTA NORIEGA,"9,19"
2023,SEPTIEMBRE,REPUBLICA DOMINICANA,SANTIAGO,SANTIAGO,PLANTA NORIEGA II,"0,00"
2023,SEPTIEMBRE,REPUBLICA DOMINICANA,SANTIAGO,SANTIAGO,PLANTA 10 MGD,"0,83"
2023,SEPTIEMBRE,REPUBLICA DOMINICANA,SANTIAGO,SANTIAGO,PLANTA 25 MGD,"1,71"
2023,SEPTIEMBRE,REPUBLICA DOMINICANA,SANTIAGO,VILLA GONZALEZ,PLANTA VILLA GONZALEZ,"0,11"
2023,SEPTIEMBRE,REPUBLICA DOMINICANA,SANTIAGO,VILLA GONZALEZ,PLANTA VILLA GONZALEZ II,"0,06"
2023,OCTUBRE,REPUBLICA DOMINICANA,SANTIAGO,CIENFUEGOS,PLANTA DE CIENFUEGOS,"1,55"
2023,OCTUBRE,REPUBLICA DOMINICANA,SANTIAGO,SAN JOSE DE LAS MATAS,SAJOMA,"0,04"
2023,OCTUBRE,REPUBLICA DOMINICANA,SANTIAGO,SANTIAGO,PLANTA DE LA CANELA,"0,27"
2023,OCTUBRE,REPUBLICA DOMINICANA,SANTIAGO,SANTIAGO,PLANTA LA BARRANQUITA,"0,03"
2023,OCTUBRE,REPUBLICA DOMINICANA,SANTIAGO,SANTIAGO,PLANTA NORIEGA,"9,49"
2023,OCTUBRE,REPUBLICA DOMINICANA,SANTIAGO,SANTIAGO,PLANTA NORIEGA II,"0,00"
2023,OCTUBRE,REPUBLICA DOMINICANA,SANTIAGO,SANTIAGO,PLANTA 10 MGD,"0,83"
2023,OCTUBRE,REPUBLICA DOMINICANA,SANTIAGO,SANTIAGO,PLANTA 25 MGD,"1,61"
2023,OCTUBRE,REPUBLICA DOMINICANA,SANTIAGO,VILLA GONZALEZ,PLANTA VILLA GONZALEZ,"0,09"
2023,OCTUBRE,REPUBLICA DOMINICANA,SANTIAGO,VILLA GONZALEZ,PLANTA VILLA GONZALEZ II,"0,05"
2023,NOVIEMBRE,REPUBLICA DOMINICANA,SANTIAGO,CIENFUEGOS,PLANTA DE CIENFUEGOS,"2,01"
2023,NOVIEMBRE,REPUBLICA DOMINICANA,SANTIAGO,SAN JOSE DE LAS MATAS,SAJOMA,"0,03"
2023,NOVIEMBRE,REPUBLICA DOMINICANA,SANTIAGO,SANTIAGO,PLANTA DE LA CANELA,"0,29"
2023,NOVIEMBRE,REPUBLICA DOMINICANA,SANTIAGO,SANTIAGO,PLANTA LA BARRANQUITA,"0,03"
2023,NOVIEMBRE,REPUBLICA DOMINICANA,SANTIAGO,SANTIAGO,PLANTA NORIEGA,"8,99"
2023,NOVIEMBRE,REPUBLICA DOMINICANA,SANTIAGO,SANTIAGO,PLANTA NORIEGA II,"0,00"
2023,NOVIEMBRE,REPUBLICA DOMINICANA,SANTIAGO,SANTIAGO,PLANTA 10 MGD,"0,86"
2023,NOVIEMBRE,REPUBLICA DOMINICANA,SANTIAGO,SANTIAGO,PLANTA 25 MGD,"1,47"
2023,NOVIEMBRE,REPUBLICA DOMINICANA,SANTIAGO,VILLA GONZALEZ,PLANTA VILLA GONZALEZ,"0,10"
2023,NOVIEMBRE,REPUBLICA DOMINICANA,SANTIAGO,VILLA GONZALEZ,PLANTA VILLA GONZALEZ II,"0,06"
2023,DICIEMBRE,REPUBLICA DOMINICANA,SANTIAGO,CIENFUEGOS,PLANTA DE CIENFUEGOS,"1,96"
2023,DICIEMBRE,REPUBLICA DOMINICANA,SANTIAGO,SAN JOSE DE LAS MATAS,SAJOMA,"0,04"
2023,DICIEMBRE,REPUBLICA DOMINICANA,SANTIAGO,SANTIAGO,PLANTA DE LA CANELA,"0,29"
2023,DICIEMBRE,REPUBLICA DOMINICANA,SANTIAGO,SANTIAGO,PLANTA LA BARRANQUITA,"0,03"
2023,DICIEMBRE,REPUBLICA DOMINICANA,SANTIAGO,SANTIAGO,PLANTA NORIEGA,"9,49"
2023,DICIEMBRE,REPUBLICA DOMINICANA,SANTIAGO,SANTIAGO,PLANTA NORIEGA II,"0,00"
2023,DICIEMBRE,REPUBLICA DOMINICANA,SANTIAGO,SANTIAGO,PLANTA 10 MGD,"0,90"
2023,DICIEMBRE,REPUBLICA DOMINICANA,SANTIAGO,SANTIAGO,PLANTA 25 MGD,"1,90"
2023,DICIEMBRE,REPUBLICA DOMINICANA,SANTIAGO,VILLA GONZALEZ,PLANTA VILLA GONZALEZ,"0,09"
2023,DICIEMBRE,REPUBLICA DOMINICANA,SANTIAGO,VILLA GONZALEZ,PLANTA VILLA GONZALEZ II,"0,06"
2024,ENERO,REPUBLICA DOMINICANA,SANTIAGO,CIENFUEGOS,PLANTA DE CIENFUEGOS,"2,00"
2024,ENERO,REPUBLICA DOMINICANA,SANTIAGO,SAN JOSE DE LAS MATAS,SAJOMA,"0,05"
2024,ENERO,REPUBLICA DOMINICANA,SANTIAGO,SANTIAGO,PLANTA DE LA CANELA,"0,33"
2024,ENERO,REPUBLICA DOMINICANA,SANTIAGO,SANTIAGO,PLANTA LA BARRANQUITA,"0,02"
2024,ENERO,REPUBLICA DOMINICANA,SANTIAGO,SANTIAGO,PLANTA NORIEGA,"9,49"
2024,ENERO,REPUBLICA DOMINICANA,SANTIAGO,SANTIAGO,PLANTA NORIEGA II,"0,00"
2024,ENERO,REPUBLICA DOMINICANA,SANTIAGO,SANTIAGO,PLANTA 10 MGD,"0,89"
2024,ENERO,REPUBLICA DOMINICANA,SANTIAGO,SANTIAGO,PLANTA 25 MGD,"2,29"
2024,ENERO,REPUBLICA DOMINICANA,SANTIAGO,VILLA GONZALEZ,PLANTA VILLA GONZALEZ,"0,09"
2024,ENERO,REPUBLICA DOMINICANA,SANTIAGO,VILLA GONZALEZ,PLANTA VILLA GONZALEZ II,"0,06"
2024,FEBRERO,REPUBLICA DOMINICANA,SANTIAGO,CIENFUEGOS,PLANTA DE CIENFUEGOS,"1,87"
2024,FEBRERO,REPUBLICA DOMINICANA,SANTIAGO,SAN JOSE DE LAS MATAS,SAJOMA,"0,05"
2024,FEBRERO,REPUBLICA DOMINICANA,SANTIAGO,SANTIAGO,PLANTA DE LA CANELA,"0,33"
2024,FEBRERO,REPUBLICA DOMINICANA,SANTIAGO,SANTIAGO,PLANTA LA BARRANQUITA,"0,03"
2024,FEBRERO,REPUBLICA DOMINICANA,SANTIAGO,SANTIAGO,PLANTA NORIEGA,"9,49"
2024,FEBRERO,REPUBLICA DOMINICANA,SANTIAGO,SANTIAGO,PLANTA NORIEGA II,"1,32"
2024,FEBRERO,REPUBLICA DOMINICANA,SANTIAGO,SANTIAGO,PLANTA 10 MGD,"0,86"
2024,FEBRERO,REPUBLICA DOMINICANA,SANTIAGO,SANTIAGO,PLANTA 25 MGD,"2,13"
2024,FEBRERO,REPUBLICA DOMINICANA,SANTIAGO,VILLA GONZALEZ,PLANTA VILLA GONZALEZ,"0,11"
2024,FEBRERO,REPUBLICA DOMINICANA,SANTIAGO,VILLA GONZALEZ,PLANTA VILLA GONZALEZ II,"0,06"
2024,MARZO,REPUBLICA DOMINICANA,SANTIAGO,CIENFUEGOS,PLANTA DE CIENFUEGOS,"1,99"
2024,MARZO,REPUBLICA DOMINICANA,SANTIAGO,SAN JOSE DE LAS MATAS,SAJOMA,"0,05"
2024,MARZO,REPUBLICA DOMINICANA,SANTIAGO,SANTIAGO,PLANTA DE LA CANELA,"0,34"
2024,MARZO,REPUBLICA DOMINICANA,SANTIAGO,SANTIAGO,PLANTA LA BARRANQUITA,"0,04"
2024,MARZO,REPUBLICA DOMINICANA,SANTIAGO,SANTIAGO,PLANTA NORIEGA,"7,95"
2024,MARZO,REPUBLICA DOMINICANA,SANTIAGO,SANTIAGO,PLANTA NORIEGA II,"1,69"
2024,MARZO,REPUBLICA DOMINICANA,SANTIAGO,SANTIAGO,PLANTA 10 MGD,"0,88"
2024,MARZO,REPUBLICA DOMINICANA,SANTIAGO,SANTIAGO,PLANTA 25 MGD,"1,69"
2024,MARZO,REPUBLICA DOMINICANA,SANTIAGO,VILLA GONZALEZ,PLANTA VILLA GONZALEZ,"0,11"
2024,MARZO,REPUBLICA DOMINICANA,SANTIAGO,VILLA GONZALEZ,PLANTA VILLA GONZALEZ II,"0,06"
2024,ABRIL,REPUBLICA DOMINICANA,SANTIAGO,CIENFUEGOS,PLANTA DE CIENFUEGOS,"1,62"
2024,ABRIL,REPUBLICA DOMINICANA,SANTIAGO,SAN JOSE DE LAS MATAS,SAJOMA,"0,04"
2024,ABRIL,REPUBLICA DOMINICANA,SANTIAGO,SANTIAGO,PLANTA DE LA CANELA,"0,26"
2024,ABRIL,REPUBLICA DOMINICANA,SANTIAGO,SANTIAGO,PLANTA LA BARRANQUITA,"0,02"
2024,ABRIL,REPUBLICA DOMINICANA,SANTIAGO,SANTIAGO,PLANTA NORIEGA,"7,69"
2024,ABRIL,REPUBLICA DOMINICANA,SANTIAGO,SANTIAGO,PLANTA NORIEGA II,"1,69"
2024,ABRIL,REPUBLICA DOMINICANA,SANTIAGO,SANTIAGO,PLANTA 10 MGD,"0,85"
2024,ABRIL,REPUBLICA DOMINICANA,SANTIAGO,SANTIAGO,PLANTA 25 MGD,"1,69"
2024,ABRIL,REPUBLICA DOMINICANA,SANTIAGO,VILLA GONZALEZ,PLANTA VILLA GONZALEZ,"0,10"
2024,ABRIL,REPUBLICA DOMINICANA,SANTIAGO,VILLA GONZALEZ,PLANTA VILLA GONZALEZ II,"0,05"
2024,MAYO,REPUBLICA DOMINICANA,SANTIAGO,CIENFUEGOS,PLANTA DE CIENFUEGOS,"1,25"
2024,MAYO,REPUBLICA DOMINICANA,SANTIAGO,SAN JOSE DE LAS MATAS,SAJOMA,"0,04"
2024,MAYO,REPUBLICA DOMINICANA,SANTIAGO,SANTIAGO,PLANTA DE LA CANELA,"0,17"
2024,MAYO,REPUBLICA DOMINICANA,SANTIAGO,SANTIAGO,PLANTA LA BARRANQUITA,"0,03"
2024,MAYO,REPUBLICA DOMINICANA,SANTIAGO,SANTIAGO,PLANTA NORIEGA,"7,93"
2024,MAYO,REPUBLICA DOMINICANA,SANTIAGO,SANTIAGO,PLANTA NORIEGA II,"1,68"
2024,MAYO,REPUBLICA DOMINICANA,SANTIAGO,SANTIAGO,PLANTA 10 MGD,"0,74"
2024,MAYO,REPUBLICA DOMINICANA,SANTIAGO,SANTIAGO,PLANTA 25 MGD,"1,78"
2024,MAYO,REPUBLICA DOMINICANA,SANTIAGO,VILLA GONZALEZ,PLANTA VILLA GONZALEZ,"0,09"
2024,MAYO,REPUBLICA DOMINICANA,SANTIAGO,VILLA GONZALEZ,PLANTA VILLA GONZALEZ II,"0,05"
2024,JUNIO,REPUBLICA DOMINICANA,SANTIAGO,CIENFUEGOS,PLANTA DE CIENFUEGOS,"1,64"
2024,JUNIO,REPUBLICA DOMINICANA,SANTIAGO,SAN JOSE DE LAS MATAS,SAJOMA,"0,04"
2024,JUNIO,REPUBLICA DOMINICANA,SANTIAGO,SANTIAGO,PLANTA DE LA CANELA,"0,23"
2024,JUNIO,REPUBLICA DOMINICANA,SANTIAGO,SANTIAGO,PLANTA LA BARRANQUITA,"0,03"
2024,JUNIO,REPUBLICA DOMINICANA,SANTIAGO,SANTIAGO,PLANTA NORIEGA,"7,69"
2024,JUNIO,REPUBLICA DOMINICANA,SANTIAGO,SANTIAGO,PLANTA NORIEGA II,"1,63"
2024,JUNIO,REPUBLICA DOMINICANA,SANTIAGO,SANTIAGO,PLANTA 10 MGD,"0,77"
2024,JUNIO,REPUBLICA DOMINICANA,SANTIAGO,SANTIAGO,PLANTA 25 MGD,"1,80"
2024,JUNIO,REPUBLICA DOMINICANA,SANTIAGO,VILLA GONZALEZ,PLANTA VILLA GONZALEZ,"0,11"
2024,JUNIO,REPUBLICA DOMINICANA,SANTIAGO,VILLA GONZALEZ,PLANTA VILLA GONZALEZ II,"0,06"
2024,JULIO,REPUBLICA DOMINICANA,SANTIAGO,CIENFUEGOS,PLANTA DE CIENFUEGOS,"2,13"
2024,JULIO,REPUBLICA DOMINICANA,SANTIAGO,SAN JOSE DE LAS MATAS,SAJOMA,"0,04"
2024,JULIO,REPUBLICA DOMINICANA,SANTIAGO,SANTIAGO,PLANTA DE LA CANELA,"0,35"
2024,JULIO,REPUBLICA DOMINICANA,SANTIAGO,SANTIAGO,PLANTA LA BARRANQUITA,"0,04"
2024,JULIO,REPUBLICA DOMINICANA,SANTIAGO,SANTIAGO,PLANTA NORIEGA,"7,95"
2024,JULIO,REPUBLICA DOMINICANA,SANTIAGO,SANTIAGO,PLANTA NORIEGA II,"1,69"
2024,JULIO,REPUBLICA DOMINICANA,SANTIAGO,SANTIAGO,PLANTA 10 MGD,"0,72"
2024,JULIO,REPUBLICA DOMINICANA,SANTIAGO,SANTIAGO,PLANTA 25 MGD,"2,15"
2024,JULIO,REPUBLICA DOMINICANA,SANTIAGO,VILLA GONZALEZ,PLANTA VILLA GONZALEZ,"0,12"
2024,JULIO,REPUBLICA DOMINICANA,SANTIAGO,VILLA GONZALEZ,PLANTA VILLA GONZALEZ II,"0,04"
2024,AGOSTO,REPUBLICA DOMINICANA,SANTIAGO,CIENFUEGOS,PLANTA DE CIENFUEGOS,"1,99"
2024,AGOSTO,REPUBLICA DOMINICANA,SANTIAGO,SAN JOSE DE LAS MATAS,SAJOMA,"0,04"
2024,AGOSTO,REPUBLICA DOMINICANA,SANTIAGO,SANTIAGO,PLANTA DE LA CANELA,"0,33"
2024,AGOSTO,REPUBLICA DOMINICANA,SANTIAGO,SANTIAGO,PLANTA LA BARRANQUITA,"0,03"
2024,AGOSTO,REPUBLICA DOMINICANA,SANTIAGO,SANTIAGO,PLANTA NORIEGA,"7,95"
2024,AGOSTO,REPUBLICA DOMINICANA,SANTIAGO,SANTIAGO,PLANTA NORIEGA II,"1,69"
2024,AGOSTO,REPUBLICA DOMINICANA,SANTIAGO,SANTIAGO,PLANTA 10 MGD,"0,85"
2024,AGOSTO,REPUBLICA DOMINICANA,SANTIAGO,SANTIAGO,PLANTA 25 MGD,"2,05"
2024,AGOSTO,REPUBLICA DOMINICANA,SANTIAGO,VILLA GONZALEZ,PLANTA VILLA GONZALEZ,"0,09"
2024,AGOSTO,REPUBLICA DOMINICANA,SANTIAGO,VILLA GONZALEZ,PLANTA VILLA GONZALEZ II,"0,04"
2024,SEPTIEMBRE,REPUBLICA DOMINICANA,SANTIAGO,CIENFUEGOS,PLANTA DE CIENFUEGOS,"2,18"
2024,SEPTIEMBRE,REPUBLICA DOMINICANA,SANTIAGO,SAN JOSE DE LAS MATAS,SAJOMA,"0,05"
2024,SEPTIEMBRE,REPUBLICA DOMINICANA,SANTIAGO,SANTIAGO,PLANTA DE LA CANELA,"0,34"
2024,SEPTIEMBRE,REPUBLICA DOMINICANA,SANTIAGO,SANTIAGO,PLANTA LA BARRANQUITA,"0,02"
2024,SEPTIEMBRE,REPUBLICA DOMINICANA,SANTIAGO,SANTIAGO,PLANTA NORIEGA,"7,69"
2024,SEPTIEMBRE,REPUBLICA DOMINICANA,SANTIAGO,SANTIAGO,PLANTA NORIEGA II,"1,63"
2024,SEPTIEMBRE,REPUBLICA DOMINICANA,SANTIAGO,SANTIAGO,PLANTA 10 MGD,"0,81"
2024,SEPTIEMBRE,REPUBLICA DOMINICANA,SANTIAGO,SANTIAGO,PLANTA 25 MGD,"2,04"
2024,SEPTIEMBRE,REPUBLICA DOMINICANA,SANTIAGO,VILLA GONZALEZ,PLANTA VILLA GONZALEZ,"0,10"
2024,SEPTIEMBRE,REPUBLICA DOMINICANA,SANTIAGO,VILLA GONZALEZ,PLANTA VILLA GONZALEZ II,"0,06"
2024,OCTUBRE,REPUBLICA DOMINICANA,SANTIAGO,CIENFUEGOS,PLANTA DE CIENFUEGOS,"1,85"
2024,OCTUBRE,REPUBLICA DOMINICANA,SANTIAGO,SAN JOSE DE LAS MATAS,SAJOMA,"0,04"
2024,OCTUBRE,REPUBLICA DOMINICANA,SANTIAGO,SANTIAGO,PLANTA DE LA CANELA,"0,30"
2024,OCTUBRE,REPUBLICA DOMINICANA,SANTIAGO,SANTIAGO,PLANTA LA BARRANQUITA,"0,03"
2024,OCTUBRE,REPUBLICA DOMINICANA,SANTIAGO,SANTIAGO,PLANTA NORIEGA,"7,95"
2024,OCTUBRE,REPUBLICA DOMINICANA,SANTIAGO,SANTIAGO,PLANTA NORIEGA II,"1,68"
2024,OCTUBRE,REPUBLICA DOMINICANA,SANTIAGO,SANTIAGO,PLANTA 10 MGD,"0,48"
2024,OCTUBRE,REPUBLICA DOMINICANA,SANTIAGO,SANTIAGO,PLANTA 25 MGD,"1,83"
2024,OCTUBRE,REPUBLICA DOMINICANA,SANTIAGO,VILLA GONZALEZ,PLANTA VILLA GONZALEZ,"0,10"
2024,OCTUBRE,REPUBLICA DOMINICANA,SANTIAGO,VILLA GONZALEZ,PLANTA VILLA GONZALEZ II,"0,05"
2024,NOVIEMBRE,REPUBLICA DOMINICANA,SANTIAGO,CIENFUEGOS,PLANTA DE CIENFUEGOS,"1,67"
2024,NOVIEMBRE,REPUBLICA DOMINICANA,SANTIAGO,SAN JOSE DE LAS MATAS,SAJOMA,"0,05"
2024,NOVIEMBRE,REPUBLICA DOMINICANA,SANTIAGO,SANTIAGO,PLANTA DE LA CANELA,"0,27"
2024,NOVIEMBRE,REPUBLICA DOMINICANA,SANTIAGO,SANTIAGO,PLANTA LA BARRANQUITA,"0,03"
2024,NOVIEMBRE,REPUBLICA DOMINICANA,SANTIAGO,SANTIAGO,PLANTA NORIEGA,"7,69"
2024,NOVIEMBRE,REPUBLICA DOMINICANA,SANTIAGO,SANTIAGO,PLANTA NORIEGA II,"1,63"
2024,NOVIEMBRE,REPUBLICA DOMINICANA,SANTIAGO,SANTIAGO,PLANTA 10 MGD,"0,82"
2024,NOVIEMBRE,REPUBLICA DOMINICANA,SANTIAGO,SANTIAGO,PLANTA 25 MGD,"1,78"
2024,NOVIEMBRE,REPUBLICA DOMINICANA,SANTIAGO,VILLA GONZALEZ,PLANTA VILLA GONZALEZ,"0,09"
2024,NOVIEMBRE,REPUBLICA DOMINICANA,SANTIAGO,VILLA GONZALEZ,PLANTA VILLA GONZALEZ II,"0,06"
2024,DICIEMBRE,REPUBLICA DOMINICANA,SANTIAGO,CIENFUEGOS,PLANTA DE CIENFUEGOS,"1,47"
2024,DICIEMBRE,REPUBLICA DOMINICANA,SANTIAGO,SAN JOSE DE LAS MATAS,SAJOMA,"0,05"
2024,DICIEMBRE,REPUBLICA DOMINICANA,SANTIAGO,SANTIAGO,PLANTA DE LA CANELA,"0,28"
2024,DICIEMBRE,REPUBLICA DOMINICANA,SANTIAGO,SANTIAGO,PLANTA LA BARRANQUITA,"0,03"
2024,DICIEMBRE,REPUBLICA DOMINICANA,SANTIAGO,SANTIAGO,PLANTA NORIEGA,"7,95"
2024,DICIEMBRE,REPUBLICA DOMINICANA,SANTIAGO,SANTIAGO,PLANTA NORIEGA II,"1,68"
2024,DICIEMBRE,REPUBLICA DOMINICANA,SANTIAGO,SANTIAGO,PLANTA 10 MGD,"0,88"
2024,DICIEMBRE,REPUBLICA DOMINICANA,SANTIAGO,SANTIAGO,PLANTA 25 MGD,"1,80"
2024,DICIEMBRE,REPUBLICA DOMINICANA,SANTIAGO,VILLA GONZALEZ,PLANTA VILLA GONZALEZ,"0,09"
2024,DICIEMBRE,REPUBLICA DOMINICANA,SANTIAGO,VILLA GONZALEZ,PLANTA VILLA GONZALEZ II,"0,01"
2025,ENERO,REPUBLICA DOMINICANA,SANTIAGO,CIENFUEGOS,PLANTA DE CIENFUEGOS,"1,39"
2025,ENERO,REPUBLICA DOMINICANA,SANTIAGO,SAN JOSE DE LAS MATAS,SAJOMA,"0,05"
2025,ENERO,REPUBLICA DOMINICANA,SANTIAGO,SANTIAGO,PLANTA DE LA CANELA,"0,29"
2025,ENERO,REPUBLICA DOMINICANA,SANTIAGO,SANTIAGO,PLANTA LA BARRANQUITA,"0,03"
2025,ENERO,REPUBLICA DOMINICANA,SANTIAGO,SANTIAGO,PLANTA NORIEGA,"7,95"
2025,ENERO,REPUBLICA DOMINICANA,SANTIAGO,SANTIAGO,PLANTA NORIEGA II,"1,69"
2025,ENERO,REPUBLICA DOMINICANA,SANTIAGO,SANTIAGO,PLANTA 10 MGD,"0,88"
2025,ENERO,REPUBLICA DOMINICANA,SANTIAGO,SANTIAGO,PLANTA 25 MGD,"1,95"
2025,ENERO,REPUBLICA DOMINICANA,SANTIAGO,VILLA GONZALEZ,PLANTA VILLA GONZALEZ,"0,09"
2025,ENERO,REPUBLICA DOMINICANA,SANTIAGO,VILLA GONZALEZ,PLANTA VILLA GONZALEZ II,"0,06"
2025,FEBRERO,REPUBLICA DOMINICANA,SANTIAGO,CIENFUEGOS,PLANTA DE CIENFUEGOS,"2,02"
2025,FEBRERO,REPUBLICA DOMINICANA,SANTIAGO,SAN JOSE DE LAS MATAS,SAJOMA,"0,05"
2025,FEBRERO,REPUBLICA DOMINICANA,SANTIAGO,SANTIAGO,PLANTA DE LA CANELA,"0,25"
2025,FEBRERO,REPUBLICA DOMINICANA,SANTIAGO,SANTIAGO,PLANTA LA BARRANQUITA,"0,02"
2025,FEBRERO,REPUBLICA DOMINICANA,SANTIAGO,SANTIAGO,PLANTA NORIEGA,"7,18"
2025,FEBRERO,REPUBLICA DOMINICANA,SANTIAGO,SANTIAGO,PLANTA NORIEGA II,"1,52"
2025,FEBRERO,REPUBLICA DOMINICANA,SANTIAGO,SANTIAGO,PLANTA 10 MGD,"0,92"
2025,FEBRERO,REPUBLICA DOMINICANA,SANTIAGO,SANTIAGO,PLANTA 25 MGD,"1,38"
2025,FEBRERO,REPUBLICA DOMINICANA,SANTIAGO,VILLA GONZALEZ,PLANTA VILLA GONZALEZ,"0,11"
2025,FEBRERO,REPUBLICA DOMINICANA,SANTIAGO,VILLA GONZALEZ,PLANTA VILLA GONZALEZ II,"0,05"
2025,MARZO,REPUBLICA DOMINICANA,SANTIAGO,CIENFUEGOS,PLANTA DE CIENFUEGOS,"2,11"
2025,MARZO,REPUBLICA DOMINICANA,SANTIAGO,SAN JOSE DE LAS MATAS,SAJOMA,"0,04"
2025,MARZO,REPUBLICA DOMINICANA,SANTIAGO,SANTIAGO,PLANTA DE LA CANELA,"0,35"
2025,MARZO,REPUBLICA DOMINICANA,SANTIAGO,SANTIAGO,PLANTA LA BARRANQUITA,"0,03"
2025,MARZO,REPUBLICA DOMINICANA,SANTIAGO,SANTIAGO,PLANTA NORIEGA,"7,95"
2025,MARZO,REPUBLICA DOMINICANA,SANTIAGO,SANTIAGO,PLANTA NORIEGA II,"1,69"
2025,MARZO,REPUBLICA DOMINICANA,SANTIAGO,SANTIAGO,PLANTA 10 MGD,"1,06"
2025,MARZO,REPUBLICA DOMINICANA,SANTIAGO,SANTIAGO,PLANTA 25 MGD,"1,98"
2025,MARZO,REPUBLICA DOMINICANA,SANTIAGO,VILLA GONZALEZ,PLANTA VILLA GONZALEZ,"0,13"
2025,MARZO,REPUBLICA DOMINICANA,SANTIAGO,VILLA GONZALEZ,PLANTA VILLA GONZALEZ II,"0,06"
2025,ABRIL,REPUBLICA DOMINICANA,SANTIAGO,CIENFUEGOS,PLANTA DE CIENFUEGOS,"2,07"
2025,ABRIL,REPUBLICA DOMINICANA,SANTIAGO,SAN JOSE DE LAS MATAS,SAJOMA,"0,03"
2025,ABRIL,REPUBLICA DOMINICANA,SANTIAGO,SANTIAGO,PLANTA DE LA CANELA,"0,28"
2025,ABRIL,REPUBLICA DOMINICANA,SANTIAGO,SANTIAGO,PLANTA LA BARRANQUITA,"0,02"
2025,ABRIL,REPUBLICA DOMINICANA,SANTIAGO,SANTIAGO,PLANTA NORIEGA,"7,15"
2025,ABRIL,REPUBLICA DOMINICANA,SANTIAGO,SANTIAGO,PLANTA NORIEGA II,"1,52"
2025,ABRIL,REPUBLICA DOMINICANA,SANTIAGO,SANTIAGO,PLANTA 10 MGD,"1,09"
2025,ABRIL,REPUBLICA DOMINICANA,SANTIAGO,SANTIAGO,PLANTA 25 MGD,"2,23"
2025,ABRIL,REPUBLICA DOMINICANA,SANTIAGO,VILLA GONZALEZ,PLANTA VILLA GONZALEZ,"0,11"
2025,ABRIL,REPUBLICA DOMINICANA,SANTIAGO,VILLA GONZALEZ,PLANTA VILLA GONZALEZ II,"0,06"
2025,MAYO,REPUBLICA DOMINICANA,SANTIAGO,CIENFUEGOS,PLANTA DE CIENFUEGOS,"1,67"
2025,MAYO,REPUBLICA DOMINICANA,SANTIAGO,SAN JOSE DE LAS MATAS,SAJOMA,"0,02"
2025,MAYO,REPUBLICA DOMINICANA,SANTIAGO,SANTIAGO,PLANTA DE LA CANELA,"0,25"
2025,MAYO,REPUBLICA DOMINICANA,SANTIAGO,SANTIAGO,PLANTA LA BARRANQUITA,"0,02"
2025,MAYO,REPUBLICA DOMINICANA,SANTIAGO,SANTIAGO,PLANTA NORIEGA,"7,64"
2025,MAYO,REPUBLICA DOMINICANA,SANTIAGO,SANTIAGO,PLANTA NORIEGA II,"1,57"
2025,MAYO,REPUBLICA DOMINICANA,SANTIAGO,SANTIAGO,PLANTA 10 MGD,"1,04"
2025,MAYO,REPUBLICA DOMINICANA,SANTIAGO,SANTIAGO,PLANTA 25 MGD,"1,83"
2025,MAYO,REPUBLICA DOMINICANA,SANTIAGO,VILLA GONZALEZ,PLANTA VILLA GONZALEZ,"0,12"
2025,MAYO,REPUBLICA DOMINICANA,SANTIAGO,VILLA GONZALEZ,PLANTA VILLA GONZALEZ II,"0,05"
2025,JUNIO,REPUBLICA DOMINICANA,SANTIAGO,CIENFUEGOS,PLANTA DE CIENFUEGOS,"2,21"
2025,JUNIO,REPUBLICA DOMINICANA,SANTIAGO,SAN JOSE DE LAS MATAS,SAJOMA,"0,05"
2025,JUNIO,REPUBLICA DOMINICANA,SANTIAGO,SANTIAGO,PLANTA DE LA CANELA,"0,29"
2025,JUNIO,REPUBLICA DOMINICANA,SANTIAGO,SANTIAGO,PLANTA LA BARRANQUITA,"0,03"
2025,JUNIO,REPUBLICA DOMINICANA,SANTIAGO,SANTIAGO,PLANTA NORIEGA,"7,70"
2025,JUNIO,REPUBLICA DOMINICANA,SANTIAGO,SANTIAGO,PLANTA NORIEGA II,"1,63"
2025,JUNIO,REPUBLICA DOMINICANA,SANTIAGO,SANTIAGO,PLANTA 10 MGD,"1,16"
2025,JUNIO,REPUBLICA DOMINICANA,SANTIAGO,SANTIAGO,PLANTA 25 MGD,"2,05"
2025,JUNIO,REPUBLICA DOMINICANA,SANTIAGO,VILLA GONZALEZ,PLANTA VILLA GONZALEZ,"0,11"
2025,JUNIO,REPUBLICA DOMINICANA,SANTIAGO,VILLA GONZALEZ,PLANTA VILLA GONZALEZ II,"0,06"
2025,JULIO,REPUBLICA DOMINICANA,SANTIAGO,CIENFUEGOS,PLANTA DE CIENFUEGOS,"2,22"
2025,JULIO,REPUBLICA DOMINICANA,SANTIAGO,SAN JOSE DE LAS MATAS,SAJOMA,"0,04"
2025,JULIO,REPUBLICA DOMINICANA,SANTIAGO,SANTIAGO,PLANTA DE LA CANELA,"0,32"
2025,JULIO,REPUBLICA DOMINICANA,SANTIAGO,SANTIAGO,PLANTA LA BARRANQUITA,"0,03"
2025,JULIO,REPUBLICA DOMINICANA,SANTIAGO,SANTIAGO,PLANTA NORIEGA,"7,95"
2025,JULIO,REPUBLICA DOMINICANA,SANTIAGO,SANTIAGO,PLANTA NORIEGA II,"1,69"
2025,JULIO,REPUBLICA DOMINICANA,SANTIAGO,SANTIAGO,PLANTA 10 MGD,"1,00"
2025,JULIO,REPUBLICA DOMINICANA,SANTIAGO,SANTIAGO,PLANTA 25 MGD,"2,38"
2025,JULIO,REPUBLICA DOMINICANA,SANTIAGO,VILLA GONZALEZ,PLANTA VILLA GONZALEZ,"0,13"
2025,JULIO,REPUBLICA DOMINICANA,SANTIAGO,VILLA GONZALEZ,PLANTA VILLA GONZALEZ II,"0,07"
2025,AGOSTO,REPUBLICA DOMINICANA,SANTIAGO,CIENFUEGOS,PLANTA DE CIENFUEGOS,"1,67"
2025,AGOSTO,REPUBLICA DOMINICANA,SANTIAGO,SAN JOSE DE LAS MATAS,SAJOMA,"0,03"
2025,AGOSTO,REPUBLICA DOMINICANA,SANTIAGO,SANTIAGO,PLANTA DE LA CANELA,"0,25"
2025,AGOSTO,REPUBLICA DOMINICANA,SANTIAGO,SANTIAGO,PLANTA LA BARRANQUITA,"0,03"
2025,AGOSTO,REPUBLICA DOMINICANA,SANTIAGO,SANTIAGO,PLANTA NORIEGA,"7,95"
2025,AGOSTO,REPUBLICA DOMINICANA,SANTIAGO,SANTIAGO,PLANTA NORIEGA II,"1,69"
2025,AGOSTO,REPUBLICA DOMINICANA,SANTIAGO,SANTIAGO,PLANTA 10 MGD,"1,06"
2025,AGOSTO,REPUBLICA DOMINICANA,SANTIAGO,SANTIAGO,PLANTA 25 MGD,"2,28"
2025,AGOSTO,REPUBLICA DOMINICANA,SANTIAGO,VILLA GONZALEZ,PLANTA VILLA GONZALEZ,"0,11"
2025,AGOSTO,REPUBLICA DOMINICANA,SANTIAGO,VILLA GONZALEZ,PLANTA VILLA GONZALEZ II,"0,05"
2025,SEPTIEMBRE,REPUBLICA DOMINICANA,SANTIAGO,CIENFUEGOS,PLANTA DE CIENFUEGOS,"1,96"
2025,SEPTIEMBRE,REPUBLICA DOMINICANA,SANTIAGO,SAN JOSE DE LAS MATAS,SAJOMA,"0,01"
2025,SEPTIEMBRE,REPUBLICA DOMINICANA,SANTIAGO,SANTIAGO,PLANTA DE LA CANELA,"0,28"
2025,SEPTIEMBRE,REPUBLICA DOMINICANA,SANTIAGO,SANTIAGO,PLANTA LA BARRANQUITA,"0,02"
2025,SEPTIEMBRE,REPUBLICA DOMINICANA,SANTIAGO,SANTIAGO,PLANTA NORIEGA,"7,38"
2025,SEPTIEMBRE,REPUBLICA DOMINICANA,SANTIAGO,SANTIAGO,PLANTA NORIEGA II,"1,56"
2025,SEPTIEMBRE,REPUBLICA DOMINICANA,SANTIAGO,SANTIAGO,PLANTA 10 MGD,"0,87"
2025,SEPTIEMBRE,REPUBLICA DOMINICANA,SANTIAGO,SANTIAGO,PLANTA 25 MGD,"2,04"
2025,SEPTIEMBRE,REPUBLICA DOMINICANA,SANTIAGO,VILLA GONZALEZ,PLANTA VILLA GONZALEZ,"0,11"
2025,SEPTIEMBRE,REPUBLICA DOMINICANA,SANTIAGO,VILLA GONZALEZ,PLANTA VILLA GONZALEZ II,"0,05"
2025,OCTUBRE,REPUBLICA DOMINICANA,SANTIAGO,CIENFUEGOS,PLANTA DE CIENFUEGOS,"1,62"
2025,OCTUBRE,REPUBLICA DOMINICANA,SANTIAGO,SAN JOSE DE LAS MATAS,SAJOMA,"0,02"
2025,OCTUBRE,REPUBLICA DOMINICANA,SANTIAGO,SANTIAGO,PLANTA DE LA CANELA,"0,27"
2025,OCTUBRE,REPUBLICA DOMINICANA,SANTIAGO,SANTIAGO,PLANTA LA BARRANQUITA,"0,03"
2025,OCTUBRE,REPUBLICA DOMINICANA,SANTIAGO,SANTIAGO,PLANTA NORIEGA,"7,69"
2025,OCTUBRE,REPUBLICA DOMINICANA,SANTIAGO,SANTIAGO,PLANTA NORIEGA II,"1,69"
2025,OCTUBRE,REPUBLICA DOMINICANA,SANTIAGO,SANTIAGO,PLANTA 10 MGD,"0,98"
2025,OCTUBRE,REPUBLICA DOMINICANA,SANTIAGO,SANTIAGO,PLANTA 25 MGD,"2,10"
2025,OCTUBRE,REPUBLICA DOMINICANA,SANTIAGO,VILLA GONZALEZ,PLANTA VILLA GONZALEZ,"0,12"
2025,OCTUBRE,REPUBLICA DOMINICANA,SANTIAGO,VILLA GONZALEZ,PLANTA VILLA GONZALEZ II,"0,06"
2025,NOVIEMBRE,REPUBLICA DOMINICANA,SANTIAGO,CIENFUEGOS,PLANTA DE CIENFUEGOS,"1,85"
2025,NOVIEMBRE,REPUBLICA DOMINICANA,SANTIAGO,SAN JOSE DE LAS MATAS,SAJOMA,"0,04"
2025,NOVIEMBRE,REPUBLICA DOMINICANA,SANTIAGO,SANTIAGO,PLANTA DE LA CANELA,"0,28"
2025,NOVIEMBRE,REPUBLICA DOMINICANA,SANTIAGO,SANTIAGO,PLANTA LA BARRANQUITA,"0,03"
2025,NOVIEMBRE,REPUBLICA DOMINICANA,SANTIAGO,SANTIAGO,PLANTA NORIEGA,"7,70"
2025,NOVIEMBRE,REPUBLICA DOMINICANA,SANTIAGO,SANTIAGO,PLANTA NORIEGA II,"1,63"
2025,NOVIEMBRE,REPUBLICA DOMINICANA,SANTIAGO,SANTIAGO,PLANTA 10 MGD,"0,83"
2025,NOVIEMBRE,REPUBLICA DOMINICANA,SANTIAGO,SANTIAGO,PLANTA 25 MGD,"2,12"
2025,NOVIEMBRE,REPUBLICA DOMINICANA,SANTIAGO,VILLA GONZALEZ,PLANTA VILLA GONZALEZ,"0,13"
2025,NOVIEMBRE,REPUBLICA DOMINICANA,SANTIAGO,VILLA GONZALEZ,PLANTA VILLA GONZALEZ II,"0,06"
2025,DICIEMBRE,REPUBLICA DOMINICANA,SANTIAGO,CIENFUEGOS,PLANTA DE CIENFUEGOS,"2,06"
2025,DICIEMBRE,REPUBLICA DOMINICANA,SANTIAGO,SAN JOSE DE LAS MATAS,SAJOMA,"0,04"
2025,DICIEMBRE,REPUBLICA DOMINICANA,SANTIAGO,SANTIAGO,PLANTA DE LA CANELA,"0,35"
2025,DICIEMBRE,REPUBLICA DOMINICANA,SANTIAGO,SANTIAGO,PLANTA LA BARRANQUITA,"0,02"
2025,DICIEMBRE,REPUBLICA DOMINICANA,SANTIAGO,SANTIAGO,PLANTA NORIEGA,"6,77"
2025,DICIEMBRE,REPUBLICA DOMINICANA,SANTIAGO,SANTIAGO,PLANTA NORIEGA II,"1,43"
2025,DICIEMBRE,REPUBLICA DOMINICANA,SANTIAGO,SANTIAGO,PLANTA 10 MGD,"0,91"
2025,DICIEMBRE,REPUBLICA DOMINICANA,SANTIAGO,SANTIAGO,PLANTA 25 MGD,"2,27"
2025,DICIEMBRE,REPUBLICA DOMINICANA,SANTIAGO,VILLA GONZALEZ,PLANTA VILLA GONZALEZ,"0,11"
2025,DICIEMBRE,REPUBLICA DOMINICANA,SANTIAGO,VILLA GONZALEZ,PLANTA VILLA GONZALEZ II,"0,06"
2026,ENERO,REPUBLICA DOMINICANA,SANTIAGO,CIENFUEGOS,PLANTA DE CIENFUEGOS,"2,09"
2026,ENERO,REPUBLICA DOMINICANA,SANTIAGO,SAN JOSE DE LAS MATAS,SAJOMA,"0,05"
2026,ENERO,REPUBLICA DOMINICANA,SANTIAGO,SANTIAGO,PLANTA DE LA CANELA,"0,38"
2026,ENERO,REPUBLICA DOMINICANA,SANTIAGO,SANTIAGO,PLANTA LA BARRANQUITA,"0,03"
2026,ENERO,REPUBLICA DOMINICANA,SANTIAGO,SANTIAGO,PLANTA NORIEGA,"7,95"
2026,ENERO,REPUBLICA DOMINICANA,SANTIAGO,SANTIAGO,PLANTA NORIEGA II,"0,16"
2026,ENERO,REPUBLICA DOMINICANA,SANTIAGO,SANTIAGO,PLANTA 10 MGD,"0,84"
2026,ENERO,REPUBLICA DOMINICANA,SANTIAGO,SANTIAGO,PLANTA 25 MGD,"2,29"
2026,ENERO,REPUBLICA DOMINICANA,SANTIAGO,VILLA GONZALEZ,PLANTA VILLA GONZALEZ,"0,12"
2026,ENERO,REPUBLICA DOMINICANA,SANTIAGO,VILLA GONZALEZ,PLANTA VILLA GONZALEZ II,"0,06"
2026,FEBRERO,REPUBLICA DOMINICANA,SANTIAGO,CIENFUEGOS,PLANTA DE CIENFUEGOS,"2,02"
2026,FEBRERO,REPUBLICA DOMINICANA,SANTIAGO,SAN JOSE DE LAS MATAS,SAJOMA,"0,02"
2026,FEBRERO,REPUBLICA DOMINICANA,SANTIAGO,SANTIAGO,PLANTA DE LA CANELA,"0,33"
2026,FEBRERO,REPUBLICA DOMINICANA,SANTIAGO,SANTIAGO,PLANTA LA BARRANQUITA,"0,02"
2026,FEBRERO,REPUBLICA DOMINICANA,SANTIAGO,SANTIAGO,PLANTA NORIEGA,"7,18"
2026,FEBRERO,REPUBLICA DOMINICANA,SANTIAGO,SANTIAGO,PLANTA NORIEGA II,"1,52"
2026,FEBRERO,REPUBLICA DOMINICANA,SANTIAGO,SANTIAGO,PLANTA 10 MGD,"0,79"
2026,FEBRERO,REPUBLICA DOMINICANA,SANTIAGO,SANTIAGO,PLANTA 25 MGD,"2,05"
2026,FEBRERO,REPUBLICA DOMINICANA,SANTIAGO,VILLA GONZALEZ,PLANTA VILLA GONZALEZ,"0,12"
2026,FEBRERO,REPUBLICA DOMINICANA,SANTIAGO,VILLA GONZALEZ,PLANTA VILLA GONZALEZ II,"0,05"
