FECHA,AÑO,MES,SEMESTRE,PLANTA,PRODUCCION_MILLONES_M3,LOG_PRODUCCION,INDICE_POTABILIDAD_PCT,CLORO_RESIDUAL_MGL,NUM_MUESTRAS,ALERTA_CALIDAD,CUMPLE_OMS_CLORO,VAR_IP_MENSUAL,INDICE_EFICIENCIA,FECHA_DT
2018-04-01,2018,ABRIL,1er Semestre,10 MGD,0.76,0.5653,100.0,1.3,28,NORMAL,1,13.9,0.76,2018-04-01
2018-12-01,2018,DICIEMBRE,2do Semestre,10 MGD,0.98,0.6831,95.0,1.2,29,NORMAL,1,-5.0,0.931,2018-12-01
2018-01-01,2018,ENERO,1er Semestre,10 MGD,0.86,0.6206,95.1,1.1,41,NORMAL,1,,0.8179,2018-01-01
2018-02-01,2018,FEBRERO,1er Semestre,10 MGD,0.86,0.6206,95.3,1.1,16,NORMAL,1,0.21,0.8196,2018-02-01
2018-07-01,2018,JULIO,2do Semestre,10 MGD,0.94,0.6627,99.4,1.3,32,NORMAL,1,-0.6,0.9344,2018-07-01
2018-06-01,2018,JUNIO,1er Semestre,10 MGD,0.9,0.6419,100.0,1.23,19,NORMAL,1,0.0,0.9,2018-06-01
2018-03-01,2018,MARZO,1er Semestre,10 MGD,0.56,0.4447,87.8,1.12,18,BAJO,1,-7.87,0.4917,2018-03-01
2018-05-01,2018,MAYO,1er Semestre,10 MGD,0.98,0.6831,100.0,1.22,30,NORMAL,1,0.0,0.98,2018-05-01
2018-11-01,2018,NOVIEMBRE,2do Semestre,10 MGD,0.96,0.6729,100.0,1.3,32,NORMAL,1,4.06,0.96,2018-11-01
2018-10-01,2018,OCTUBRE,2do Semestre,10 MGD,0.91,0.6471,96.1,1.3,41,NORMAL,1,-2.73,0.8745,2018-10-01
2018-09-01,2018,SEPTIEMBRE,2do Semestre,10 MGD,0.93,0.6575,98.8,1.3,34,NORMAL,1,-0.6,0.9188,2018-09-01
2019-04-01,2019,ABRIL,1er Semestre,10 MGD,0.94,0.6627,96.8,1.4,31,NORMAL,1,-1.33,0.9099,2019-04-01
2019-08-01,2019,AGOSTO,2do Semestre,10 MGD,0.9,0.6419,95.3,1.2,34,NORMAL,1,-2.16,0.8577,2019-08-01
2019-12-01,2019,DICIEMBRE,2do Semestre,10 MGD,0.84,0.6098,100.0,1.4,27,NORMAL,1,0.0,0.84,2019-12-01
2019-01-01,2019,ENERO,1er Semestre,10 MGD,0.95,0.6678,98.8,1.3,33,NORMAL,1,4.0,0.9386,2019-01-01
2019-02-01,2019,FEBRERO,1er Semestre,10 MGD,0.9,0.6419,100.0,1.3,38,NORMAL,1,1.21,0.9,2019-02-01
2019-07-01,2019,JULIO,2do Semestre,10 MGD,0.9,0.6419,97.4,1.2,38,NORMAL,1,1.35,0.8766,2019-07-01
2019-06-01,2019,JUNIO,1er Semestre,10 MGD,0.9,0.6419,96.1,1.2,36,NORMAL,1,-3.42,0.8649,2019-06-01
2019-03-01,2019,MARZO,1er Semestre,10 MGD,0.94,0.6627,98.1,1.2,32,NORMAL,1,-1.9,0.9221,2019-03-01
2019-05-01,2019,MAYO,1er Semestre,10 MGD,0.94,0.6627,99.5,1.3,43,NORMAL,1,2.79,0.9353,2019-05-01
2019-11-01,2019,NOVIEMBRE,2do Semestre,10 MGD,0.84,0.6098,100.0,1.4,27,NORMAL,1,3.41,0.84,2019-11-01
2019-10-01,2019,OCTUBRE,2do Semestre,10 MGD,0.89,0.6366,96.7,1.2,36,NORMAL,1,-3.3,0.8606,2019-10-01
2019-09-01,2019,SEPTIEMBRE,2do Semestre,10 MGD,0.93,0.6575,100.0,1.3,36,NORMAL,1,4.93,0.93,2019-09-01
2020-04-01,2020,ABRIL,1er Semestre,10 MGD,0.96,0.6729,100.0,1.2,32,NORMAL,1,0.6,0.96,2020-04-01
2020-08-01,2020,AGOSTO,2do Semestre,10 MGD,0.94,0.6627,100.0,1.3,32,NORMAL,1,0.0,0.94,2020-08-01
2020-12-01,2020,DICIEMBRE,2do Semestre,10 MGD,0.98,0.6831,97.1,1.3,33,NORMAL,1,-0.82,0.9516,2020-12-01
2020-01-01,2020,ENERO,1er Semestre,10 MGD,0.96,0.6729,100.0,1.4,27,NORMAL,1,0.0,0.96,2020-01-01
2020-02-01,2020,FEBRERO,1er Semestre,10 MGD,0.89,0.6366,100.0,1.4,25,NORMAL,1,0.0,0.89,2020-02-01
2020-07-01,2020,JULIO,2do Semestre,10 MGD,0.92,0.6523,100.0,1.2,46,NORMAL,1,2.99,0.92,2020-07-01
2020-06-01,2020,JUNIO,1er Semestre,10 MGD,0.93,0.6575,97.1,1.1,35,NORMAL,1,-0.31,0.903,2020-06-01
2020-03-01,2020,MARZO,1er Semestre,10 MGD,0.83,0.6043,99.4,1.0,34,NORMAL,1,-0.6,0.825,2020-03-01
2020-05-01,2020,MAYO,1er Semestre,10 MGD,0.96,0.6729,97.4,1.1,31,NORMAL,1,-2.6,0.935,2020-05-01
2020-11-01,2020,NOVIEMBRE,2do Semestre,10 MGD,0.89,0.6366,97.9,1.2,39,NORMAL,1,-2.1,0.8713,2020-11-01
2020-10-01,2020,OCTUBRE,2do Semestre,10 MGD,0.96,0.6729,100.0,1.3,45,NORMAL,1,1.01,0.96,2020-10-01
2020-09-01,2020,SEPTIEMBRE,2do Semestre,10 MGD,0.93,0.6575,99.0,1.3,41,NORMAL,1,-1.0,0.9207,2020-09-01
2021-04-01,2021,ABRIL,1er Semestre,10 MGD,0.98,0.6831,100.0,1.2,21,NORMAL,1,0.0,0.98,2021-04-01
2021-08-01,2021,AGOSTO,2do Semestre,10 MGD,0.95,0.6678,100.0,1.2,38,NORMAL,1,0.4,0.95,2021-08-01
2021-12-01,2021,DICIEMBRE,2do Semestre,10 MGD,0.41,0.3436,93.5,1.1,30,BAJO,1,-5.65,0.3834,2021-12-01
2021-01-01,2021,ENERO,1er Semestre,10 MGD,1.01,0.6981,97.1,1.3,28,NORMAL,1,0.0,0.9807,2021-01-01
2021-02-01,2021,FEBRERO,1er Semestre,10 MGD,0.93,0.6575,100.0,1.3,26,NORMAL,1,2.99,0.93,2021-02-01
2021-07-01,2021,JULIO,2do Semestre,10 MGD,1.0,0.6931,99.6,1.2,46,NORMAL,1,3.11,0.996,2021-07-01
2021-06-01,2021,JUNIO,1er Semestre,10 MGD,0.96,0.6729,96.6,1.4,35,NORMAL,1,-3.4,0.9274,2021-06-01
2021-03-01,2021,MARZO,1er Semestre,10 MGD,1.01,0.6981,100.0,1.2,45,NORMAL,1,0.0,1.01,2021-03-01
2021-05-01,2021,MAYO,1er Semestre,10 MGD,0.98,0.6831,100.0,1.2,38,NORMAL,1,0.0,0.98,2021-05-01
2021-11-01,2021,NOVIEMBRE,2do Semestre,10 MGD,0.9,0.6419,99.1,1.1,43,NORMAL,1,-0.9,0.8919,2021-11-01
2021-10-01,2021,OCTUBRE,2do Semestre,10 MGD,0.85,0.6152,100.0,1.1,19,NORMAL,1,2.88,0.85,2021-10-01
2021-09-01,2021,SEPTIEMBRE,2do Semestre,10 MGD,0.91,0.6471,97.2,1.2,29,NORMAL,1,-2.8,0.8845,2021-09-01
2022-04-01,2022,ABRIL,1er Semestre,10 MGD,0.89,0.6366,96.2,0.9,26,NORMAL,1,-2.83,0.8562,2022-04-01
2022-08-01,2022,AGOSTO,2do Semestre,10 MGD,0.88,0.6313,100.0,1.0,40,NORMAL,1,0.0,0.88,2022-08-01
2022-12-01,2022,DICIEMBRE,2do Semestre,10 MGD,0.98,0.6831,99.0,1.2,37,NORMAL,1,-1.0,0.9702,2022-12-01
2022-01-01,2022,ENERO,1er Semestre,10 MGD,0.96,0.6729,100.0,1.1,30,NORMAL,1,6.95,0.96,2022-01-01
2022-02-01,2022,FEBRERO,1er Semestre,10 MGD,0.89,0.6366,100.0,1.2,31,NORMAL,1,0.0,0.89,2022-02-01
2022-07-01,2022,JULIO,2do Semestre,10 MGD,0.88,0.6313,100.0,0.9,35,NORMAL,1,0.0,0.88,2022-07-01
2022-06-01,2022,JUNIO,1er Semestre,10 MGD,0.84,0.6098,100.0,1.1,24,NORMAL,1,0.0,0.84,2022-06-01
2022-03-01,2022,MARZO,1er Semestre,10 MGD,0.8,0.5878,99.0,1.1,41,NORMAL,1,-1.0,0.792,2022-03-01
2022-05-01,2022,MAYO,1er Semestre,10 MGD,0.9,0.6419,100.0,0.9,24,NORMAL,1,3.95,0.9,2022-05-01
2022-11-01,2022,NOVIEMBRE,2do Semestre,10 MGD,0.86,0.6206,100.0,1.2,4000,NORMAL,1,0.0,0.86,2022-11-01
2022-10-01,2022,OCTUBRE,2do Semestre,10 MGD,0.85,0.6152,100.0,1.0,41,NORMAL,1,0.0,0.85,2022-10-01
2022-09-01,2022,SEPTIEMBRE,2do Semestre,10 MGD,0.74,0.5539,100.0,1.1,37,NORMAL,1,0.0,0.74,2022-09-01
2023-04-01,2023,ABRIL,1er Semestre,10 MGD,0.87,0.6259,100.0,1.2,27,NORMAL,1,0.6,0.87,2023-04-01
2023-08-01,2023,AGOSTO,2do Semestre,10 MGD,0.71,0.5365,99.3,1.3,42,NORMAL,1,4.53,0.705,2023-08-01
2023-12-01,2023,DICIEMBRE,2do Semestre,10 MGD,0.9,0.6419,100.0,0.13,37,NORMAL,0,4.17,0.9,2023-12-01
2023-01-01,2023,ENERO,1er Semestre,10 MGD,0.89,0.6366,100.0,1.3,30,NORMAL,1,1.01,0.89,2023-01-01
2023-02-01,2023,FEBRERO,1er Semestre,10 MGD,0.78,0.5766,100.0,1.1,44,NORMAL,1,0.0,0.78,2023-02-01
2023-07-01,2023,JULIO,2do Semestre,10 MGD,0.91,0.6471,95.0,1.3,43,NORMAL,1,-5.0,0.8645,2023-07-01
2023-06-01,2023,JUNIO,1er Semestre,10 MGD,0.91,0.6471,100.0,1.1,47,NORMAL,1,2.04,0.91,2023-06-01
2023-03-01,2023,MARZO,1er Semestre,10 MGD,0.78,0.5766,99.4,1.1,48,NORMAL,1,-0.6,0.7753,2023-03-01
2023-05-01,2023,MAYO,1er Semestre,10 MGD,0.83,0.6043,98.0,1.1,39,NORMAL,1,-2.0,0.8134,2023-05-01
2023-11-01,2023,NOVIEMBRE,2do Semestre,10 MGD,0.86,0.6206,96.0,1.2,43,NORMAL,1,-4.0,0.8256,2023-11-01
2023-10-01,2023,OCTUBRE,2do Semestre,10 MGD,0.83,0.6043,100.0,1.1,41,NORMAL,1,1.01,0.83,2023-10-01
2023-09-01,2023,SEPTIEMBRE,2do Semestre,10 MGD,0.83,0.6043,99.0,1.2,43,NORMAL,1,-0.3,0.8217,2023-09-01
2024-04-01,2024,ABRIL,1er Semestre,10 MGD,0.85,0.6152,100.0,1.2,41,NORMAL,1,0.0,0.85,2024-04-01
2024-08-01,2024,AGOSTO,2do Semestre,10 MGD,0.85,0.6152,100.0,1.5,43,NORMAL,1,0.3,0.85,2024-08-01
2024-12-01,2024,DICIEMBRE,2do Semestre,10 MGD,0.88,0.6313,100.0,1.2,28,NORMAL,1,0.0,0.88,2024-12-01
2024-01-01,2024,ENERO,1er Semestre,10 MGD,0.89,0.6366,99.0,1.3,42,NORMAL,1,-1.0,0.8811,2024-01-01
2024-02-01,2024,FEBRERO,1er Semestre,10 MGD,0.86,0.6206,95.0,1.3,41,NORMAL,1,-4.04,0.817,2024-02-01
2024-07-01,2024,JULIO,2do Semestre,10 MGD,0.72,0.5423,99.7,1.4,47,NORMAL,1,0.0,0.7178,2024-07-01
2024-06-01,2024,JUNIO,1er Semestre,10 MGD,0.77,0.571,99.7,1.2,43,NORMAL,1,-0.3,0.7677,2024-06-01
2024-03-01,2024,MARZO,1er Semestre,10 MGD,0.88,0.6313,100.0,1.2,38,NORMAL,1,5.26,0.88,2024-03-01
2024-05-01,2024,MAYO,1er Semestre,10 MGD,0.74,0.5539,100.0,1.3,40,NORMAL,1,0.0,0.74,2024-05-01
2024-11-01,2024,NOVIEMBRE,2do Semestre,10 MGD,0.82,0.5988,100.0,1.3,41,NORMAL,1,0.0,0.82,2024-11-01
2024-10-01,2024,OCTUBRE,2do Semestre,10 MGD,0.48,0.392,100.0,1.3,50,NORMAL,1,1.01,0.48,2024-10-01
2024-09-01,2024,SEPTIEMBRE,2do Semestre,10 MGD,0.81,0.5933,99.0,1.3,44,NORMAL,1,-1.0,0.8019,2024-09-01
2025-04-01,2025,ABRIL,1er Semestre,10 MGD,1.09,0.7372,0.9,1.2,32,CRITICO,1,-99.1,0.0098,2025-04-01
2025-08-01,2025,AGOSTO,2do Semestre,10 MGD,1.06,0.7227,96.0,1.0,42,NORMAL,1,2.13,1.0176,2025-08-01
2025-12-01,2025,DICIEMBRE,2do Semestre,10 MGD,0.91,0.6471,100.0,1.2,38,NORMAL,1,7.53,0.91,2025-12-01
2025-01-01,2025,ENERO,1er Semestre,10 MGD,0.88,0.6313,100.0,1.2,38,NORMAL,1,0.0,0.88,2025-01-01
2025-02-01,2025,FEBRERO,1er Semestre,10 MGD,0.92,0.6523,100.0,1.2,39,NORMAL,1,0.0,0.92,2025-02-01
2025-07-01,2025,JULIO,2do Semestre,10 MGD,1.0,0.6931,94.0,0.9,49,BAJO,1,2.17,0.94,2025-07-01
2025-06-01,2025,JUNIO,1er Semestre,10 MGD,1.16,0.7701,92.0,0.8,38,BAJO,1,-2.13,1.0672,2025-06-01
2025-03-01,2025,MARZO,1er Semestre,10 MGD,1.06,0.7227,100.0,1.2,38,NORMAL,1,0.0,1.06,2025-03-01
2025-05-01,2025,MAYO,1er Semestre,10 MGD,1.04,0.7129,94.0,1.0,40,BAJO,1,10344.44,0.9776,2025-05-01
2025-11-01,2025,NOVIEMBRE,2do Semestre,10 MGD,0.83,0.6043,93.0,1.3,32,BAJO,1,-2.11,0.7719,2025-11-01
2025-10-01,2025,OCTUBRE,2do Semestre,10 MGD,0.98,0.6831,95.0,1.2,38,NORMAL,1,-2.36,0.931,2025-10-01
2025-09-01,2025,SEPTIEMBRE,2do Semestre,10 MGD,0.87,0.6259,97.3,1.1,37,NORMAL,1,1.35,0.8465,2025-09-01
2026-01-01,2026,ENERO,1er Semestre,10 MGD,0.84,0.6098,97.4,1.3,37,NORMAL,1,-2.6,0.8182,2026-01-01
2026-02-01,2026,FEBRERO,1er Semestre,10 MGD,0.79,0.5822,97.0,1.0,35,NORMAL,1,-0.41,0.7663,2026-02-01
2018-04-01,2018,ABRIL,1er Semestre,25 MGD,1.14,0.7608,91.7,1.3,36,BAJO,1,-7.28,1.0454,2018-04-01
2018-12-01,2018,DICIEMBRE,2do Semestre,25 MGD,1.59,0.9517,93.0,1.1,30,BAJO,1,-5.87,1.4787,2018-12-01
2018-01-01,2018,ENERO,1er Semestre,25 MGD,1.29,0.8286,97.1,1.13,42,NORMAL,1,,1.2526,2018-01-01
2018-02-01,2018,FEBRERO,1er Semestre,25 MGD,1.06,0.7227,94.1,1.18,17,BAJO,1,-3.09,0.9975,2018-02-01
2018-07-01,2018,JULIO,2do Semestre,25 MGD,1.72,1.0006,99.4,1.3,35,NORMAL,1,-0.6,1.7097,2018-07-01
2018-06-01,2018,JUNIO,1er Semestre,25 MGD,1.51,0.9203,100.0,1.3,19,NORMAL,1,0.0,1.51,2018-06-01
2018-03-01,2018,MARZO,1er Semestre,25 MGD,0.92,0.6523,98.9,1.3,19,NORMAL,1,5.1,0.9099,2018-03-01
2018-05-01,2018,MAYO,1er Semestre,25 MGD,1.57,0.9439,100.0,1.3,36,NORMAL,1,9.05,1.57,2018-05-01
2018-11-01,2018,NOVIEMBRE,2do Semestre,25 MGD,1.49,0.9123,98.8,1.2,33,NORMAL,1,2.28,1.4721,2018-11-01
2018-10-01,2018,OCTUBRE,2do Semestre,25 MGD,1.58,0.9478,96.6,1.2,41,NORMAL,1,-0.51,1.5263,2018-10-01
2018-09-01,2018,SEPTIEMBRE,2do Semestre,25 MGD,1.59,0.9517,97.1,1.2,34,NORMAL,1,-2.31,1.5439,2018-09-01
2019-04-01,2019,ABRIL,1er Semestre,25 MGD,1.26,0.8154,100.0,1.3,32,NORMAL,1,1.21,1.26,2019-04-01
2019-08-01,2019,AGOSTO,2do Semestre,25 MGD,1.6,0.9555,100.0,1.2,34,NORMAL,1,2.46,1.6,2019-08-01
2019-12-01,2019,DICIEMBRE,2do Semestre,25 MGD,1.29,0.8286,100.0,1.3,27,NORMAL,1,0.0,1.29,2019-12-01
2019-01-01,2019,ENERO,1er Semestre,25 MGD,1.42,0.8838,99.4,1.2,33,NORMAL,1,6.88,1.4115,2019-01-01
2019-02-01,2019,FEBRERO,1er Semestre,25 MGD,1.24,0.8065,100.0,1.3,39,NORMAL,1,0.6,1.24,2019-02-01
2019-07-01,2019,JULIO,2do Semestre,25 MGD,1.55,0.9361,97.6,1.3,41,NORMAL,1,0.51,1.5128,2019-07-01
2019-06-01,2019,JUNIO,1er Semestre,25 MGD,1.47,0.9042,97.1,1.3,35,NORMAL,1,-1.02,1.4274,2019-06-01
2019-03-01,2019,MARZO,1er Semestre,25 MGD,1.38,0.8671,98.8,1.1,34,NORMAL,1,-1.2,1.3634,2019-03-01
2019-05-01,2019,MAYO,1er Semestre,25 MGD,1.47,0.9042,98.1,1.2,43,NORMAL,1,-1.9,1.4421,2019-05-01
2019-11-01,2019,NOVIEMBRE,2do Semestre,25 MGD,1.3,0.8329,100.0,1.1,26,NORMAL,1,2.67,1.3,2019-11-01
2019-10-01,2019,OCTUBRE,2do Semestre,25 MGD,1.19,0.7839,97.4,1.3,38,NORMAL,1,1.25,1.1591,2019-10-01
2019-09-01,2019,SEPTIEMBRE,2do Semestre,25 MGD,1.69,0.9895,96.2,1.2,37,NORMAL,1,-3.8,1.6258,2019-09-01
2020-04-01,2020,ABRIL,1er Semestre,25 MGD,1.51,0.9203,100.0,1.1,32,NORMAL,1,0.0,1.51,2020-04-01
2020-08-01,2020,AGOSTO,2do Semestre,25 MGD,1.26,0.8154,100.0,1.1,33,NORMAL,1,0.0,1.26,2020-08-01
2020-12-01,2020,DICIEMBRE,2do Semestre,25 MGD,1.69,0.9895,100.0,1.3,33,NORMAL,1,0.1,1.69,2020-12-01
2020-01-01,2020,ENERO,1er Semestre,25 MGD,1.27,0.8198,100.0,1.3,27,NORMAL,1,0.0,1.27,2020-01-01
2020-02-01,2020,FEBRERO,1er Semestre,25 MGD,1.01,0.6981,100.0,1.2,26,NORMAL,1,0.0,1.01,2020-02-01
2020-07-01,2020,JULIO,2do Semestre,25 MGD,1.66,0.9783,100.0,1.2,46,NORMAL,1,0.0,1.66,2020-07-01
2020-06-01,2020,JUNIO,1er Semestre,25 MGD,1.22,0.7975,100.0,1.2,35,NORMAL,1,1.32,1.22,2020-06-01
2020-03-01,2020,MARZO,1er Semestre,25 MGD,1.41,0.8796,100.0,1.1,36,NORMAL,1,0.0,1.41,2020-03-01
2020-05-01,2020,MAYO,1er Semestre,25 MGD,1.36,0.8587,98.7,1.2,31,NORMAL,1,-1.3,1.3423,2020-05-01
2020-11-01,2020,NOVIEMBRE,2do Semestre,25 MGD,1.51,0.9203,99.9,1.2,39,NORMAL,1,2.57,1.5085,2020-11-01
2020-10-01,2020,OCTUBRE,2do Semestre,25 MGD,1.66,0.9783,97.4,1.3,45,NORMAL,1,-2.11,1.6168,2020-10-01
2020-09-01,2020,SEPTIEMBRE,2do Semestre,25 MGD,1.57,0.9439,99.5,1.3,43,NORMAL,1,-0.5,1.5622,2020-09-01
2021-04-01,2021,ABRIL,1er Semestre,25 MGD,1.62,0.9632,100.0,1.1,21,NORMAL,1,0.0,1.62,2021-04-01
2021-08-01,2021,AGOSTO,2do Semestre,25 MGD,1.6,0.9555,98.4,1.3,38,NORMAL,1,-1.2,1.5744,2021-08-01
2021-12-01,2021,DICIEMBRE,2do Semestre,25 MGD,1.71,0.9969,100.0,1.4,33,NORMAL,1,0.91,1.71,2021-12-01
2021-01-01,2021,ENERO,1er Semestre,25 MGD,1.76,1.0152,100.0,1.2,28,NORMAL,1,0.0,1.76,2021-01-01
2021-02-01,2021,FEBRERO,1er Semestre,25 MGD,1.56,0.94,100.0,1.4,26,NORMAL,1,0.0,1.56,2021-02-01
2021-07-01,2021,JULIO,2do Semestre,25 MGD,1.71,0.9969,99.6,1.4,48,NORMAL,1,-0.4,1.7032,2021-07-01
2021-06-01,2021,JUNIO,1er Semestre,25 MGD,1.55,0.9361,100.0,1.5,37,NORMAL,1,0.0,1.55,2021-06-01
2021-03-01,2021,MARZO,1er Semestre,25 MGD,1.45,0.8961,100.0,1.3,46,NORMAL,1,0.0,1.45,2021-03-01
2021-05-01,2021,MAYO,1er Semestre,25 MGD,1.64,0.9708,100.0,1.2,38,NORMAL,1,0.0,1.64,2021-05-01
2021-11-01,2021,NOVIEMBRE,2do Semestre,25 MGD,1.67,0.9821,99.1,1.3,43,NORMAL,1,-0.9,1.655,2021-11-01
2021-10-01,2021,OCTUBRE,2do Semestre,25 MGD,1.62,0.9632,100.0,1.3,21,NORMAL,1,0.0,1.62,2021-10-01
2021-09-01,2021,SEPTIEMBRE,2do Semestre,25 MGD,1.56,0.94,100.0,1.2,29,NORMAL,1,1.63,1.56,2021-09-01
2022-04-01,2022,ABRIL,1er Semestre,25 MGD,2.14,1.1442,100.0,1.1,27,NORMAL,1,0.0,2.14,2022-04-01
2022-08-01,2022,AGOSTO,2do Semestre,25 MGD,1.87,1.0543,100.0,1.0,41,NORMAL,1,0.0,1.87,2022-08-01
2022-12-01,2022,DICIEMBRE,2do Semestre,25 MGD,1.87,1.0543,100.0,1.1,37,NORMAL,1,0.0,1.87,2022-12-01
2022-01-01,2022,ENERO,1er Semestre,25 MGD,1.64,0.9708,97.5,1.4,32,NORMAL,1,-2.5,1.599,2022-01-01
2022-02-01,2022,FEBRERO,1er Semestre,25 MGD,1.55,0.9361,100.0,1.5,31,NORMAL,1,2.56,1.55,2022-02-01
2022-07-01,2022,JULIO,2do Semestre,25 MGD,2.11,1.1346,100.0,0.9,36,NORMAL,1,0.0,2.11,2022-07-01
2022-06-01,2022,JUNIO,1er Semestre,25 MGD,2.08,1.1249,100.0,1.0,24,NORMAL,1,0.0,2.08,2022-06-01
2022-03-01,2022,MARZO,1er Semestre,25 MGD,2.08,1.1249,100.0,1.2,43,NORMAL,1,0.0,2.08,2022-03-01
2022-05-01,2022,MAYO,1er Semestre,25 MGD,2.15,1.1474,100.0,1.2,24,NORMAL,1,0.0,2.15,2022-05-01
2022-11-01,2022,NOVIEMBRE,2do Semestre,25 MGD,1.96,1.0852,100.0,1.2,4000,NORMAL,1,0.0,1.96,2022-11-01
2022-10-01,2022,OCTUBRE,2do Semestre,25 MGD,1.92,1.0716,100.0,1.2,40,NORMAL,1,0.0,1.92,2022-10-01
2022-09-01,2022,SEPTIEMBRE,2do Semestre,25 MGD,1.67,0.9821,100.0,1.1,40,NORMAL,1,0.0,1.67,2022-09-01
2023-04-01,2023,ABRIL,1er Semestre,25 MGD,1.68,0.9858,100.0,1.4,26,NORMAL,1,0.6,1.68,2023-04-01
2023-08-01,2023,AGOSTO,2do Semestre,25 MGD,2.02,1.1053,97.7,1.5,43,NORMAL,1,0.72,1.9735,2023-08-01
2023-12-01,2023,DICIEMBRE,2do Semestre,25 MGD,1.9,1.0647,99.5,0.06,37,NORMAL,0,-0.5,1.8905,2023-12-01
2023-01-01,2023,ENERO,1er Semestre,25 MGD,1.67,0.9821,100.0,1.2,30,NORMAL,1,0.0,1.67,2023-01-01
2023-02-01,2023,FEBRERO,1er Semestre,25 MGD,1.79,1.026,100.0,1.0,45,NORMAL,1,0.0,1.79,2023-02-01
2023-07-01,2023,JULIO,2do Semestre,25 MGD,1.78,1.0225,97.0,1.5,46,NORMAL,1,-2.02,1.7266,2023-07-01
2023-06-01,2023,JUNIO,1er Semestre,25 MGD,2.06,1.1184,99.0,1.2,49,NORMAL,1,0.0,2.0394,2023-06-01
2023-03-01,2023,MARZO,1er Semestre,25 MGD,2.19,1.16,99.4,1.6,49,NORMAL,1,-0.6,2.1769,2023-03-01
2023-05-01,2023,MAYO,1er Semestre,25 MGD,1.9,1.0647,99.0,1.2,39,NORMAL,1,-1.0,1.881,2023-05-01
2023-11-01,2023,NOVIEMBRE,2do Semestre,25 MGD,1.47,0.9042,100.0,0.7,44,NORMAL,1,0.0,1.47,2023-11-01
2023-10-01,2023,OCTUBRE,2do Semestre,25 MGD,1.61,0.9594,100.0,1.2,41,NORMAL,1,0.0,1.61,2023-10-01
2023-09-01,2023,SEPTIEMBRE,2do Semestre,25 MGD,1.71,0.9969,100.0,1.6,43,NORMAL,1,2.35,1.71,2023-09-01
2024-04-01,2024,ABRIL,1er Semestre,25 MGD,1.69,0.9895,99.5,0.8,43,NORMAL,1,-0.5,1.6816,2024-04-01
2024-08-01,2024,AGOSTO,2do Semestre,25 MGD,2.05,1.1151,100.0,1.2,43,NORMAL,1,0.3,2.05,2024-08-01
2024-12-01,2024,DICIEMBRE,2do Semestre,25 MGD,1.8,1.0296,100.0,1.5,29,NORMAL,1,0.3,1.8,2024-12-01
2024-01-01,2024,ENERO,1er Semestre,25 MGD,2.29,1.1909,100.0,0.8,42,NORMAL,1,0.5,2.29,2024-01-01
2024-02-01,2024,FEBRERO,1er Semestre,25 MGD,2.13,1.141,92.0,0.9,41,BAJO,1,-8.0,1.9596,2024-02-01
2024-07-01,2024,JULIO,2do Semestre,25 MGD,2.15,1.1474,99.7,1.0,48,NORMAL,1,-0.3,2.1436,2024-07-01
2024-06-01,2024,JUNIO,1er Semestre,25 MGD,1.8,1.0296,100.0,1.1,43,NORMAL,1,0.0,1.8,2024-06-01
2024-03-01,2024,MARZO,1er Semestre,25 MGD,1.69,0.9895,100.0,0.8,38,NORMAL,1,8.7,1.69,2024-03-01
2024-05-01,2024,MAYO,1er Semestre,25 MGD,1.78,1.0225,100.0,0.9,40,NORMAL,1,0.5,1.78,2024-05-01
2024-11-01,2024,NOVIEMBRE,2do Semestre,25 MGD,1.78,1.0225,99.7,1.4,41,NORMAL,1,0.0,1.7747,2024-11-01
2024-10-01,2024,OCTUBRE,2do Semestre,25 MGD,1.83,1.0403,99.7,1.7,50,NORMAL,1,1.73,1.8245,2024-10-01
2024-09-01,2024,SEPTIEMBRE,2do Semestre,25 MGD,2.04,1.1119,98.0,1.4,44,NORMAL,1,-2.0,1.9992,2024-09-01
2025-04-01,2025,ABRIL,1er Semestre,25 MGD,2.23,1.1725,0.9,1.2,32,CRITICO,1,-99.1,0.0201,2025-04-01
2025-08-01,2025,AGOSTO,2do Semestre,25 MGD,2.28,1.1878,100.0,0.8,43,NORMAL,1,8.7,2.28,2025-08-01
2025-12-01,2025,DICIEMBRE,2do Semestre,25 MGD,2.27,1.1848,100.0,1.2,40,NORMAL,1,7.53,2.27,2025-12-01
2025-01-01,2025,ENERO,1er Semestre,25 MGD,1.95,1.0818,100.0,1.3,38,NORMAL,1,0.0,1.95,2025-01-01
2025-02-01,2025,FEBRERO,1er Semestre,25 MGD,1.38,0.8671,100.0,1.3,39,NORMAL,1,0.0,1.38,2025-02-01
2025-07-01,2025,JULIO,2do Semestre,25 MGD,2.38,1.2179,92.0,0.9,49,BAJO,1,-5.15,2.1896,2025-07-01
2025-06-01,2025,JUNIO,1er Semestre,25 MGD,2.05,1.1151,97.0,0.8,38,NORMAL,1,2.11,1.9885,2025-06-01
2025-03-01,2025,MARZO,1er Semestre,25 MGD,1.98,1.0919,100.0,1.3,39,NORMAL,1,0.0,1.98,2025-03-01
2025-05-01,2025,MAYO,1er Semestre,25 MGD,1.83,1.0403,95.0,1.1,40,NORMAL,1,10455.56,1.7385,2025-05-01
2025-11-01,2025,NOVIEMBRE,2do Semestre,25 MGD,2.12,1.1378,93.0,1.4,35,BAJO,1,-7.0,1.9716,2025-11-01
2025-10-01,2025,OCTUBRE,2do Semestre,25 MGD,2.1,1.1314,100.0,1.3,38,NORMAL,1,3.73,2.1,2025-10-01
2025-09-01,2025,SEPTIEMBRE,2do Semestre,25 MGD,2.04,1.1119,96.4,1.2,37,NORMAL,1,-3.6,1.9666,2025-09-01
2026-01-01,2026,ENERO,1er Semestre,25 MGD,2.29,1.1909,99.7,1.3,37,NORMAL,1,-0.3,2.2831,2026-01-01
2026-02-01,2026,FEBRERO,1er Semestre,25 MGD,2.05,1.1151,96.8,1.0,35,NORMAL,1,-2.91,1.9844,2026-02-01
2018-04-01,2018,ABRIL,1er Semestre,NORIEGA,7.32,2.1187,93.3,1.0,39,BAJO,1,-2.41,6.8296,2018-04-01
2018-08-01,2018,AGOSTO,2do Semestre,NORIEGA,7.32,2.1187,0.95,1.1,10,CRITICO,1,-99.01,0.0695,2018-08-01
2018-12-01,2018,DICIEMBRE,2do Semestre,NORIEGA,8.22,2.2214,98.0,1.2,30,NORMAL,1,4.37,8.0556,2018-12-01
2018-02-01,2018,FEBRERO,1er Semestre,NORIEGA,7.4,2.1282,100.0,1.1,23,NORMAL,1,,7.4,2018-02-01
2018-07-01,2018,JULIO,2do Semestre,NORIEGA,7.64,2.1564,96.1,1.1,36,NORMAL,1,-3.9,7.342,2018-07-01
2018-06-01,2018,JUNIO,1er Semestre,NORIEGA,7.6,2.1518,100.0,1.01,18,NORMAL,1,4.17,7.6,2018-06-01
2018-03-01,2018,MARZO,1er Semestre,NORIEGA,8.15,2.2138,95.6,1.03,32,NORMAL,1,-4.4,7.7914,2018-03-01
2018-05-01,2018,MAYO,1er Semestre,NORIEGA,7.76,2.1702,96.0,1.1,40,NORMAL,1,2.89,7.4496,2018-05-01
2018-11-01,2018,NOVIEMBRE,2do Semestre,NORIEGA,8.23,2.2225,93.9,1.1,33,BAJO,1,0.43,7.728,2018-11-01
2018-10-01,2018,OCTUBRE,2do Semestre,NORIEGA,8.17,2.2159,93.5,1.0,40,BAJO,1,-3.61,7.639,2018-10-01
2018-09-01,2018,SEPTIEMBRE,2do Semestre,NORIEGA,7.28,2.1138,97.0,1.1,33,NORMAL,1,10110.53,7.0616,2018-09-01
2019-04-01,2019,ABRIL,1er Semestre,NORIEGA,7.5,2.1401,100.0,1.1,37,NORMAL,1,2.25,7.5,2019-04-01
2019-08-01,2019,AGOSTO,2do Semestre,NORIEGA,7.55,2.1459,93.8,1.1,42,BAJO,1,-3.4,7.0819,2019-08-01
2019-12-01,2019,DICIEMBRE,2do Semestre,NORIEGA,9.4,2.3418,97.2,1.2,36,NORMAL,1,-2.31,9.1368,2019-12-01
2019-01-01,2019,ENERO,1er Semestre,NORIEGA,8.22,2.2214,92.4,1.1,37,BAJO,1,-5.71,7.5953,2019-01-01
2019-02-01,2019,FEBRERO,1er Semestre,NORIEGA,7.07,2.0882,99.5,1.4,43,NORMAL,1,7.68,7.0346,2019-02-01
2019-07-01,2019,JULIO,2do Semestre,NORIEGA,7.79,2.1736,97.1,1.2,48,NORMAL,1,-1.52,7.5641,2019-07-01
2019-06-01,2019,JUNIO,1er Semestre,NORIEGA,7.65,2.1576,98.6,1.1,43,NORMAL,1,0.1,7.5429,2019-06-01
2019-03-01,2019,MARZO,1er Semestre,NORIEGA,7.77,2.1713,97.8,1.1,36,NORMAL,1,-1.71,7.5991,2019-03-01
2019-05-01,2019,MAYO,1er Semestre,NORIEGA,7.49,2.1389,98.5,1.1,39,NORMAL,1,-1.5,7.3776,2019-05-01
2019-11-01,2019,NOVIEMBRE,2do Semestre,NORIEGA,8.63,2.2649,99.5,1.1,39,NORMAL,1,2.79,8.5868,2019-11-01
2019-10-01,2019,OCTUBRE,2do Semestre,NORIEGA,8.94,2.2966,96.8,1.0,50,NORMAL,1,-1.33,8.6539,2019-10-01
2019-09-01,2019,SEPTIEMBRE,2do Semestre,NORIEGA,7.22,2.1066,98.1,1.1,43,NORMAL,1,4.58,7.0828,2019-09-01
2020-04-01,2020,ABRIL,1er Semestre,NORIEGA,9.01,2.3036,100.0,0.5,41,NORMAL,1,4.93,9.01,2020-04-01
2020-08-01,2020,AGOSTO,2do Semestre,NORIEGA,8.67,2.269,100.0,1.1,46,NORMAL,1,0.0,8.67,2020-08-01
2020-12-01,2020,DICIEMBRE,2do Semestre,NORIEGA,8.08,2.2061,100.0,1.0,37,NORMAL,1,0.0,8.08,2020-12-01
2020-01-01,2020,ENERO,1er Semestre,NORIEGA,9.5,2.3514,100.0,1.2,40,NORMAL,1,2.88,9.5,2020-01-01
2020-02-01,2020,FEBRERO,1er Semestre,NORIEGA,8.84,2.2865,100.0,1.1,43,NORMAL,1,0.0,8.84,2020-02-01
2020-07-01,2020,JULIO,2do Semestre,NORIEGA,8.85,2.2875,100.0,1.0,46,NORMAL,1,0.0,8.85,2020-07-01
2020-06-01,2020,JUNIO,1er Semestre,NORIEGA,8.82,2.2844,100.0,1.1,45,NORMAL,1,4.6,8.82,2020-06-01
2020-03-01,2020,MARZO,1er Semestre,NORIEGA,9.34,2.336,95.3,0.6,47,NORMAL,1,-4.7,8.901,2020-03-01
2020-05-01,2020,MAYO,1er Semestre,NORIEGA,9.38,2.3399,95.6,0.9,45,NORMAL,1,-4.4,8.9673,2020-05-01
2020-11-01,2020,NOVIEMBRE,2do Semestre,NORIEGA,7.81,2.1759,100.0,1.1,42,NORMAL,1,0.0,7.81,2020-11-01
2020-10-01,2020,OCTUBRE,2do Semestre,NORIEGA,8.08,2.2061,100.0,1.1,48,NORMAL,1,0.0,8.08,2020-10-01
2020-09-01,2020,SEPTIEMBRE,2do Semestre,NORIEGA,8.19,2.2181,100.0,1.1,46,NORMAL,1,0.0,8.19,2020-09-01
2021-04-01,2021,ABRIL,1er Semestre,NORIEGA,9.19,2.3214,95.0,0.7,20,NORMAL,1,-5.0,8.7305,2021-04-01
2021-08-01,2021,AGOSTO,2do Semestre,NORIEGA,9.5,2.3514,100.0,1.1,43,NORMAL,1,0.0,9.5,2021-08-01
2021-12-01,2021,DICIEMBRE,2do Semestre,NORIEGA,9.5,2.3514,100.0,1.0,35,NORMAL,1,0.0,9.5,2021-12-01
2021-01-01,2021,ENERO,1er Semestre,NORIEGA,9.5,2.3514,100.0,1.1,30,NORMAL,1,0.0,9.5,2021-01-01
2021-02-01,2021,FEBRERO,1er Semestre,NORIEGA,9.5,2.3514,100.0,1.0,29,NORMAL,1,0.0,9.5,2021-02-01
2021-07-01,2021,JULIO,2do Semestre,NORIEGA,9.5,2.3514,100.0,0.9,44,NORMAL,1,0.0,9.5,2021-07-01
2021-06-01,2021,JUNIO,1er Semestre,NORIEGA,9.19,2.3214,100.0,1.1,39,NORMAL,1,0.0,9.19,2021-06-01
2021-03-01,2021,MARZO,1er Semestre,NORIEGA,9.5,2.3514,100.0,0.9,40,NORMAL,1,0.0,9.5,2021-03-01
2021-05-01,2021,MAYO,1er Semestre,NORIEGA,9.5,2.3514,100.0,1.0,37,NORMAL,1,5.26,9.5,2021-05-01
2021-11-01,2021,NOVIEMBRE,2do Semestre,NORIEGA,9.19,2.3214,100.0,1.0,43,NORMAL,1,0.0,9.19,2021-11-01
2021-10-01,2021,OCTUBRE,2do Semestre,NORIEGA,9.28,2.3302,100.0,0.8,19,NORMAL,1,0.0,9.28,2021-10-01
2021-09-01,2021,SEPTIEMBRE,2do Semestre,NORIEGA,9.43,2.3447,100.0,1.1,28,NORMAL,1,0.0,9.43,2021-09-01
2022-04-01,2022,ABRIL,1er Semestre,NORIEGA,9.19,2.3214,98.5,0.8,26,NORMAL,1,-1.5,9.0521,2022-04-01
2022-08-01,2022,AGOSTO,2do Semestre,NORIEGA,9.5,2.3514,99.5,0.8,43,NORMAL,1,-0.5,9.4525,2022-08-01
2022-12-01,2022,DICIEMBRE,2do Semestre,NORIEGA,9.49,2.3504,100.0,0.5,36,NORMAL,1,3.09,9.49,2022-12-01
2022-01-01,2022,ENERO,1er Semestre,NORIEGA,9.52,2.3533,100.0,1.0,32,NORMAL,1,0.0,9.52,2022-01-01
2022-02-01,2022,FEBRERO,1er Semestre,NORIEGA,8.58,2.2597,100.0,0.9,32,NORMAL,1,0.0,8.58,2022-02-01
2022-07-01,2022,JULIO,2do Semestre,NORIEGA,9.5,2.3514,100.0,0.7,35,NORMAL,1,0.0,9.5,2022-07-01
2022-06-01,2022,JUNIO,1er Semestre,NORIEGA,9.19,2.3214,100.0,0.7,25,NORMAL,1,0.0,9.19,2022-06-01
2022-03-01,2022,MARZO,1er Semestre,NORIEGA,9.5,2.3514,100.0,0.8,44,NORMAL,1,0.0,9.5,2022-03-01
2022-05-01,2022,MAYO,1er Semestre,NORIEGA,9.49,2.3504,100.0,0.7,23,NORMAL,1,1.52,9.49,2022-05-01
2022-11-01,2022,NOVIEMBRE,2do Semestre,NORIEGA,9.06,2.3086,97.0,0.6,4000,NORMAL,1,-3.0,8.7882,2022-11-01
2022-10-01,2022,OCTUBRE,2do Semestre,NORIEGA,9.5,2.3514,100.0,0.7,43,NORMAL,1,0.0,9.5,2022-10-01
2022-09-01,2022,SEPTIEMBRE,2do Semestre,NORIEGA,9.06,2.3086,100.0,0.8,42,NORMAL,1,0.5,9.06,2022-09-01
2023-04-01,2023,ABRIL,1er Semestre,NORIEGA,9.11,2.3135,99.6,0.9,24,NORMAL,1,-0.4,9.0736,2023-04-01
2023-08-01,2023,AGOSTO,2do Semestre,NORIEGA,9.49,2.3504,100.0,0.9,43,NORMAL,1,2.04,9.49,2023-08-01
2023-12-01,2023,DICIEMBRE,2do Semestre,NORIEGA,9.49,2.3504,100.0,0.07,43,NORMAL,0,0.7,9.49,2023-12-01
2023-01-01,2023,ENERO,1er Semestre,NORIEGA,9.5,2.3514,96.7,0.6,29,NORMAL,1,-3.3,9.1865,2023-01-01
2023-02-01,2023,FEBRERO,1er Semestre,NORIEGA,10.26,2.4213,98.6,0.9,41,NORMAL,1,1.96,10.1164,2023-02-01
2023-07-01,2023,JULIO,2do Semestre,NORIEGA,9.46,2.3476,98.0,0.8,44,NORMAL,1,-2.0,9.2708,2023-07-01
2023-06-01,2023,JUNIO,1er Semestre,NORIEGA,9.19,2.3214,100.0,0.8,46,NORMAL,1,1.01,9.19,2023-06-01
2023-03-01,2023,MARZO,1er Semestre,NORIEGA,9.49,2.3504,100.0,0.9,50,NORMAL,1,1.42,9.49,2023-03-01
2023-05-01,2023,MAYO,1er Semestre,NORIEGA,9.47,2.3485,99.0,0.8,39,NORMAL,1,-0.6,9.3753,2023-05-01
2023-11-01,2023,NOVIEMBRE,2do Semestre,NORIEGA,8.99,2.3016,99.3,0.6,43,NORMAL,1,-0.7,8.9271,2023-11-01
2023-10-01,2023,OCTUBRE,2do Semestre,NORIEGA,9.49,2.3504,100.0,0.8,45,NORMAL,1,1.01,9.49,2023-10-01
2023-09-01,2023,SEPTIEMBRE,2do Semestre,NORIEGA,9.19,2.3214,99.0,0.9,43,NORMAL,1,-1.0,9.0981,2023-09-01
2024-04-01,2024,ABRIL,1er Semestre,NORIEGA,7.69,2.1622,100.0,1.0,44,NORMAL,1,0.3,7.69,2024-04-01
2024-08-01,2024,AGOSTO,2do Semestre,NORIEGA,7.95,2.1917,94.0,1.1,43,BAJO,1,-3.89,7.473,2024-08-01
2024-12-01,2024,DICIEMBRE,2do Semestre,NORIEGA,7.95,2.1917,100.0,1.0,36,NORMAL,1,0.0,7.95,2024-12-01
2024-01-01,2024,ENERO,1er Semestre,NORIEGA,9.49,2.3504,100.0,0.8,45,NORMAL,1,0.0,9.49,2024-01-01
2024-02-01,2024,FEBRERO,1er Semestre,NORIEGA,9.49,2.3504,97.0,1.0,37,NORMAL,1,-3.0,9.2053,2024-02-01
2024-07-01,2024,JULIO,2do Semestre,NORIEGA,7.95,2.1917,97.8,1.2,48,NORMAL,1,-0.71,7.7751,2024-07-01
2024-06-01,2024,JUNIO,1er Semestre,NORIEGA,7.69,2.1622,98.5,0.9,43,NORMAL,1,-0.51,7.5746,2024-06-01
2024-03-01,2024,MARZO,1er Semestre,NORIEGA,7.95,2.1917,99.7,0.9,37,NORMAL,1,2.78,7.9262,2024-03-01
2024-05-01,2024,MAYO,1er Semestre,NORIEGA,7.93,2.1894,99.0,0.7,46,NORMAL,1,-1.0,7.8507,2024-05-01
2024-11-01,2024,NOVIEMBRE,2do Semestre,NORIEGA,7.69,2.1622,100.0,1.1,45,NORMAL,1,0.3,7.69,2024-11-01
2024-10-01,2024,OCTUBRE,2do Semestre,NORIEGA,7.95,2.1917,99.7,1.2,48,NORMAL,1,0.0,7.9262,2024-10-01
2024-09-01,2024,SEPTIEMBRE,2do Semestre,NORIEGA,7.69,2.1622,99.7,1.1,44,NORMAL,1,6.06,7.6669,2024-09-01
2025-04-01,2025,ABRIL,1er Semestre,NORIEGA,7.15,2.098,0.9,1.0,39,CRITICO,1,-99.09,0.0644,2025-04-01
2025-08-01,2025,AGOSTO,2do Semestre,NORIEGA,7.95,2.1917,92.0,0.9,36,BAJO,1,-8.0,7.314,2025-08-01
2025-12-01,2025,DICIEMBRE,2do Semestre,NORIEGA,6.77,2.0503,97.0,1.1,31,NORMAL,1,1.04,6.5669,2025-12-01
2025-01-01,2025,ENERO,1er Semestre,NORIEGA,7.95,2.1917,97.0,0.9,43,NORMAL,1,-3.0,7.7115,2025-01-01
2025-02-01,2025,FEBRERO,1er Semestre,NORIEGA,7.18,2.1017,100.0,1.0,37,NORMAL,1,3.09,7.18,2025-02-01
2025-07-01,2025,JULIO,2do Semestre,NORIEGA,7.95,2.1917,100.0,0.9,49,NORMAL,1,4.17,7.95,2025-07-01
2025-06-01,2025,JUNIO,1er Semestre,NORIEGA,7.7,2.1633,96.0,0.9,41,NORMAL,1,1.05,7.392,2025-06-01
2025-03-01,2025,MARZO,1er Semestre,NORIEGA,7.95,2.1917,99.1,1.0,46,NORMAL,1,-0.9,7.8784,2025-03-01
2025-05-01,2025,MAYO,1er Semestre,NORIEGA,7.64,2.1564,95.0,0.9,44,NORMAL,1,10455.56,7.258,2025-05-01
2025-11-01,2025,NOVIEMBRE,2do Semestre,NORIEGA,7.7,2.1633,96.0,1.1,43,NORMAL,1,-4.0,7.392,2025-11-01
2025-10-01,2025,OCTUBRE,2do Semestre,NORIEGA,7.69,2.1622,100.0,1.0,43,NORMAL,1,1.83,7.69,2025-10-01
2025-09-01,2025,SEPTIEMBRE,2do Semestre,NORIEGA,7.38,2.1258,98.2,1.0,34,NORMAL,1,6.74,7.2472,2025-09-01
2026-01-01,2026,ENERO,1er Semestre,NORIEGA,7.95,2.1917,100.0,1.0,37,NORMAL,1,3.09,7.95,2026-01-01
2026-02-01,2026,FEBRERO,1er Semestre,NORIEGA,7.18,2.1017,97.4,0.8,42,NORMAL,1,-2.6,6.9933,2026-02-01
2018-04-01,2018,ABRIL,1er Semestre,NORIEGA II,1.65,0.9746,75.8,0.9,19,CRITICO,1,16.08,1.2507,2018-04-01
2018-01-01,2018,ENERO,1er Semestre,NORIEGA II,2.06,1.1184,83.6,0.9,22,BAJO,1,,1.7222,2018-01-01
2018-02-01,2018,FEBRERO,1er Semestre,NORIEGA II,1.89,1.0613,92.0,1.24,5,BAJO,1,10.05,1.7388,2018-02-01
2018-07-01,2018,JULIO,2do Semestre,NORIEGA II,1.88,1.0578,93.6,1.4,22,BAJO,1,29.64,1.7597,2018-07-01
2018-06-01,2018,JUNIO,1er Semestre,NORIEGA II,1.81,1.0332,72.2,1.3,18,CRITICO,1,-7.55,1.3068,2018-06-01
2018-03-01,2018,MARZO,1er Semestre,NORIEGA II,1.93,1.075,65.3,1.01,15,CRITICO,1,-29.02,1.2603,2018-03-01
2018-05-01,2018,MAYO,1er Semestre,NORIEGA II,1.83,1.0403,78.1,1.0,21,CRITICO,1,3.03,1.4292,2018-05-01
2018-09-01,2018,SEPTIEMBRE,2do Semestre,NORIEGA II,1.8,1.0296,53.3,0.3,3,CRITICO,1,-43.06,0.9594,2018-09-01
2018-12-01,2018,DICIEMBRE,2do Semestre,VILLA GONZALEZ,0.13,0.1222,100.0,1.2,2,NORMAL,1,0.0,0.13,2018-12-01
2018-11-01,2018,NOVIEMBRE,2do Semestre,VILLA GONZALEZ,0.14,0.131,100.0,1.1,4,NORMAL,1,0.0,0.14,2018-11-01
2018-10-01,2018,OCTUBRE,2do Semestre,VILLA GONZALEZ,0.14,0.131,100.0,1.3,2,NORMAL,1,0.0,0.14,2018-10-01
2018-09-01,2018,SEPTIEMBRE,2do Semestre,VILLA GONZALEZ,0.14,0.131,100.0,1.3,3,NORMAL,1,,0.14,2018-09-01
2019-04-01,2019,ABRIL,1er Semestre,VILLA GONZALEZ,0.15,0.1398,80.0,1.1,1,BAJO,1,-20.0,0.12,2019-04-01
2019-08-01,2019,AGOSTO,2do Semestre,VILLA GONZALEZ,0.13,0.1222,100.0,0.9,2,NORMAL,1,0.0,0.13,2019-08-01
2019-12-01,2019,DICIEMBRE,2do Semestre,VILLA GONZALEZ,0.14,0.131,100.0,0.8,1,NORMAL,1,0.0,0.14,2019-12-01
2019-01-01,2019,ENERO,1er Semestre,VILLA GONZALEZ,0.14,0.131,100.0,1.0,3,NORMAL,1,0.0,0.14,2019-01-01
2019-02-01,2019,FEBRERO,1er Semestre,VILLA GONZALEZ,0.14,0.131,100.0,1.2,3,NORMAL,1,0.0,0.14,2019-02-01
2019-07-01,2019,JULIO,2do Semestre,VILLA GONZALEZ,0.14,0.131,100.0,1.1,2,NORMAL,1,0.0,0.14,2019-07-01
2019-06-01,2019,JUNIO,1er Semestre,VILLA GONZALEZ,0.13,0.1222,100.0,0.8,1,NORMAL,1,0.0,0.13,2019-06-01
2019-03-01,2019,MARZO,1er Semestre,VILLA GONZALEZ,0.14,0.131,100.0,1.1,2,NORMAL,1,0.0,0.14,2019-03-01
2019-05-01,2019,MAYO,1er Semestre,VILLA GONZALEZ,0.12,0.1133,100.0,0.5,3,NORMAL,1,25.0,0.12,2019-05-01
2019-11-01,2019,NOVIEMBRE,2do Semestre,VILLA GONZALEZ,0.15,0.1398,100.0,0.9,3,NORMAL,1,0.0,0.15,2019-11-01
2019-10-01,2019,OCTUBRE,2do Semestre,VILLA GONZALEZ,0.13,0.1222,100.0,1.1,3,NORMAL,1,36.99,0.13,2019-10-01
2019-09-01,2019,SEPTIEMBRE,2do Semestre,VILLA GONZALEZ,0.12,0.1133,73.0,0.9,3,CRITICO,1,-27.0,0.0876,2019-09-01
2020-04-01,2020,ABRIL,1er Semestre,VILLA GONZALEZ,0.13,0.1222,100.0,1.2,1,NORMAL,1,0.0,0.13,2020-04-01
2020-08-01,2020,AGOSTO,2do Semestre,VILLA GONZALEZ,0.13,0.1222,100.0,1.0,4,NORMAL,1,0.0,0.13,2020-08-01
2020-12-01,2020,DICIEMBRE,2do Semestre,VILLA GONZALEZ,0.14,0.131,100.0,1.1,3,NORMAL,1,0.0,0.14,2020-12-01
2020-01-01,2020,ENERO,1er Semestre,VILLA GONZALEZ,0.13,0.1222,80.0,0.8,3,BAJO,1,-20.0,0.104,2020-01-01
2020-02-01,2020,FEBRERO,1er Semestre,VILLA GONZALEZ,0.12,0.1133,100.0,1.0,3,NORMAL,1,25.0,0.12,2020-02-01
2020-07-01,2020,JULIO,2do Semestre,VILLA GONZALEZ,0.14,0.131,100.0,1.0,4,NORMAL,1,0.0,0.14,2020-07-01
2020-06-01,2020,JUNIO,1er Semestre,VILLA GONZALEZ,0.13,0.1222,100.0,0.9,3,NORMAL,1,0.0,0.13,2020-06-01
2020-03-01,2020,MARZO,1er Semestre,VILLA GONZALEZ,0.14,0.131,100.0,1.0,2,NORMAL,1,0.0,0.14,2020-03-01
2020-05-01,2020,MAYO,1er Semestre,VILLA GONZALEZ,0.14,0.131,100.0,0.6,2,NORMAL,1,0.0,0.14,2020-05-01
2020-11-01,2020,NOVIEMBRE,2do Semestre,VILLA GONZALEZ,0.14,0.131,100.0,0.8,3,NORMAL,1,0.0,0.14,2020-11-01
2020-10-01,2020,OCTUBRE,2do Semestre,VILLA GONZALEZ,0.14,0.131,100.0,0.8,4,NORMAL,1,0.0,0.14,2020-10-01
2020-09-01,2020,SEPTIEMBRE,2do Semestre,VILLA GONZALEZ,0.13,0.1222,100.0,0.7,4,NORMAL,1,0.0,0.13,2020-09-01
2021-04-01,2021,ABRIL,1er Semestre,VILLA GONZALEZ,0.12,0.1133,100.0,1.3,1,NORMAL,1,0.0,0.12,2021-04-01
2021-08-01,2021,AGOSTO,2do Semestre,VILLA GONZALEZ,0.12,0.1133,100.0,1.5,2,NORMAL,1,0.0,0.12,2021-08-01
2021-12-01,2021,DICIEMBRE,2do Semestre,VILLA GONZALEZ,0.15,0.1398,100.0,1.4,1,NORMAL,1,0.0,0.15,2021-12-01
2021-01-01,2021,ENERO,1er Semestre,VILLA GONZALEZ,0.13,0.1222,100.0,1.2,3,NORMAL,1,0.0,0.13,2021-01-01
2021-02-01,2021,FEBRERO,1er Semestre,VILLA GONZALEZ,0.14,0.131,100.0,1.1,3,NORMAL,1,0.0,0.14,2021-02-01
2021-07-01,2021,JULIO,2do Semestre,VILLA GONZALEZ,0.12,0.1133,100.0,1.3,2,NORMAL,1,0.0,0.12,2021-07-01
2021-06-01,2021,JUNIO,1er Semestre,VILLA GONZALEZ,0.13,0.1222,100.0,1.6,1,NORMAL,1,0.0,0.13,2021-06-01
2021-03-01,2021,MARZO,1er Semestre,VILLA GONZALEZ,0.13,0.1222,100.0,1.0,3,NORMAL,1,0.0,0.13,2021-03-01
2021-05-01,2021,MAYO,1er Semestre,VILLA GONZALEZ,0.13,0.1222,100.0,1.1,3,NORMAL,1,0.0,0.13,2021-05-01
2021-11-01,2021,NOVIEMBRE,2do Semestre,VILLA GONZALEZ,0.11,0.1044,100.0,1.6,1,NORMAL,1,0.0,0.11,2021-11-01
2021-10-01,2021,OCTUBRE,2do Semestre,VILLA GONZALEZ,0.08,0.077,100.0,1.4,1,NORMAL,1,0.0,0.08,2021-10-01
2021-09-01,2021,SEPTIEMBRE,2do Semestre,VILLA GONZALEZ,0.13,0.1222,100.0,0.6,2,NORMAL,1,0.0,0.13,2021-09-01
2022-04-01,2022,ABRIL,1er Semestre,VILLA GONZALEZ,0.12,0.1133,100.0,1.1,3,NORMAL,1,0.0,0.12,2022-04-01
2022-08-01,2022,AGOSTO,2do Semestre,VILLA GONZALEZ,0.14,0.131,100.0,1.0,2,NORMAL,1,0.0,0.14,2022-08-01
2022-12-01,2022,DICIEMBRE,2do Semestre,VILLA GONZALEZ,0.14,0.131,100.0,1.2,2,NORMAL,1,0.0,0.14,2022-12-01
2022-01-01,2022,ENERO,1er Semestre,VILLA GONZALEZ,0.14,0.131,100.0,1.4,4,NORMAL,1,0.0,0.14,2022-01-01
2022-03-01,2022,MARZO,1er Semestre,VILLA GONZALEZ,0.12,0.1133,100.0,1.1,2,NORMAL,1,0.0,0.12,2022-03-01
2022-11-01,2022,NOVIEMBRE,2do Semestre,VILLA GONZALEZ,0.13,0.1222,100.0,1.3,300,NORMAL,1,0.0,0.13,2022-11-01
2022-10-01,2022,OCTUBRE,2do Semestre,VILLA GONZALEZ,0.14,0.131,100.0,1.0,3,NORMAL,1,0.0,0.14,2022-10-01
2022-09-01,2022,SEPTIEMBRE,2do Semestre,VILLA GONZALEZ,0.13,0.1222,100.0,1.6,1,NORMAL,1,0.0,0.13,2022-09-01
2023-12-01,2023,DICIEMBRE,2do Semestre,VILLA GONZALEZ,0.09,0.0862,100.0,0.13,1,NORMAL,0,0.0,0.09,2023-12-01
2023-01-01,2023,ENERO,1er Semestre,VILLA GONZALEZ,0.12,0.1133,100.0,1.1,1,NORMAL,1,0.0,0.12,2023-01-01
2023-02-01,2023,FEBRERO,1er Semestre,VILLA GONZALEZ,0.12,0.1133,100.0,0.4,2,NORMAL,1,0.0,0.12,2023-02-01
2023-07-01,2023,JULIO,2do Semestre,VILLA GONZALEZ,0.12,0.1133,100.0,1.5,2,NORMAL,1,0.0,0.12,2023-07-01
2023-06-01,2023,JUNIO,1er Semestre,VILLA GONZALEZ,0.11,0.1044,100.0,1.1,2,NORMAL,1,0.0,0.11,2023-06-01
2023-03-01,2023,MARZO,1er Semestre,VILLA GONZALEZ,0.11,0.1044,100.0,0.5,1,NORMAL,1,0.0,0.11,2023-03-01
2023-05-01,2023,MAYO,1er Semestre,VILLA GONZALEZ,0.1,0.0953,100.0,0.8,2,NORMAL,1,0.0,0.1,2023-05-01
2023-11-01,2023,NOVIEMBRE,2do Semestre,VILLA GONZALEZ,0.1,0.0953,100.0,0.6,1,NORMAL,1,0.0,0.1,2023-11-01
2023-10-01,2023,OCTUBRE,2do Semestre,VILLA GONZALEZ,0.09,0.0862,100.0,1.8,1,NORMAL,1,0.0,0.09,2023-10-01
2023-09-01,2023,SEPTIEMBRE,2do Semestre,VILLA GONZALEZ,0.11,0.1044,100.0,1.3,2,NORMAL,1,0.0,0.11,2023-09-01
2024-04-01,2024,ABRIL,1er Semestre,VILLA GONZALEZ,0.1,0.0953,80.0,1.1,3,BAJO,1,-20.0,0.08,2024-04-01
2024-08-01,2024,AGOSTO,2do Semestre,VILLA GONZALEZ,0.09,0.0862,100.0,0.5,1,NORMAL,1,0.0,0.09,2024-08-01
2024-12-01,2024,DICIEMBRE,2do Semestre,VILLA GONZALEZ,0.09,0.0862,67.0,0.8,2,CRITICO,1,-33.0,0.0603,2024-12-01
2024-01-01,2024,ENERO,1er Semestre,VILLA GONZALEZ,0.09,0.0862,100.0,1.2,3,NORMAL,1,0.0,0.09,2024-01-01
2024-02-01,2024,FEBRERO,1er Semestre,VILLA GONZALEZ,0.11,0.1044,100.0,1.3,1,NORMAL,1,0.0,0.11,2024-02-01
2024-06-01,2024,JUNIO,1er Semestre,VILLA GONZALEZ,0.11,0.1044,100.0,2.2,2,NORMAL,1,0.0,0.11,2024-06-01
2024-03-01,2024,MARZO,1er Semestre,VILLA GONZALEZ,0.11,0.1044,100.0,0.8,2,NORMAL,1,0.0,0.11,2024-03-01
2024-05-01,2024,MAYO,1er Semestre,VILLA GONZALEZ,0.09,0.0862,100.0,2.5,3,NORMAL,1,25.0,0.09,2024-05-01
2024-11-01,2024,NOVIEMBRE,2do Semestre,VILLA GONZALEZ,0.09,0.0862,100.0,0.6,2,NORMAL,1,0.0,0.09,2024-11-01
2024-10-01,2024,OCTUBRE,2do Semestre,VILLA GONZALEZ,0.1,0.0953,100.0,2.1,2,NORMAL,1,0.0,0.1,2024-10-01
2024-09-01,2024,SEPTIEMBRE,2do Semestre,VILLA GONZALEZ,0.1,0.0953,100.0,0.3,1,NORMAL,1,0.0,0.1,2024-09-01
2025-04-01,2025,ABRIL,1er Semestre,VILLA GONZALEZ,0.11,0.1044,1.1,1.1,4,CRITICO,1,-98.9,0.0012,2025-04-01
2025-08-01,2025,AGOSTO,2do Semestre,VILLA GONZALEZ,0.11,0.1044,100.0,0.5,1,NORMAL,1,0.0,0.11,2025-08-01
2025-12-01,2025,DICIEMBRE,2do Semestre,VILLA GONZALEZ,0.11,0.1044,100.0,1.5,2,NORMAL,1,0.0,0.11,2025-12-01
2025-01-01,2025,ENERO,1er Semestre,VILLA GONZALEZ,0.09,0.0862,100.0,1.5,3,NORMAL,1,49.25,0.09,2025-01-01
2025-02-01,2025,FEBRERO,1er Semestre,VILLA GONZALEZ,0.11,0.1044,100.0,1.3,2,NORMAL,1,0.0,0.11,2025-02-01
2025-07-01,2025,JULIO,2do Semestre,VILLA GONZALEZ,0.13,0.1222,100.0,1.6,2,NORMAL,1,0.0,0.13,2025-07-01
2025-06-01,2025,JUNIO,1er Semestre,VILLA GONZALEZ,0.11,0.1044,100.0,1.5,3,NORMAL,1,0.0,0.11,2025-06-01
2025-03-01,2025,MARZO,1er Semestre,VILLA GONZALEZ,0.13,0.1222,100.0,0.7,4,NORMAL,1,0.0,0.13,2025-03-01
2025-05-01,2025,MAYO,1er Semestre,VILLA GONZALEZ,0.12,0.1133,100.0,1.3,1,NORMAL,1,8990.91,0.12,2025-05-01
2025-11-01,2025,NOVIEMBRE,2do Semestre,VILLA GONZALEZ,0.13,0.1222,100.0,1.0,3,NORMAL,1,0.0,0.13,2025-11-01
2025-10-01,2025,OCTUBRE,2do Semestre,VILLA GONZALEZ,0.12,0.1133,100.0,0.9,4,NORMAL,1,13.64,0.12,2025-10-01
2025-09-01,2025,SEPTIEMBRE,2do Semestre,VILLA GONZALEZ,0.11,0.1044,88.0,0.8,4,BAJO,1,-12.0,0.0968,2025-09-01
2026-01-01,2026,ENERO,1er Semestre,VILLA GONZALEZ,0.12,0.1133,100.0,1.2,4,NORMAL,1,0.0,0.12,2026-01-01
2026-02-01,2026,FEBRERO,1er Semestre,VILLA GONZALEZ,0.12,0.1133,92.0,1.4,2,BAJO,1,-8.0,0.1104,2026-02-01
2018-12-01,2018,DICIEMBRE,2do Semestre,VILLA GONZALEZ II,0.06,0.0583,100.0,1.1,2,NORMAL,1,0.0,0.06,2018-12-01
2018-11-01,2018,NOVIEMBRE,2do Semestre,VILLA GONZALEZ II,0.06,0.0583,100.0,1.2,3,NORMAL,1,0.0,0.06,2018-11-01
2018-09-01,2018,SEPTIEMBRE,2do Semestre,VILLA GONZALEZ II,0.07,0.0677,100.0,0.7,3,NORMAL,1,,0.07,2018-09-01
2019-04-01,2019,ABRIL,1er Semestre,VILLA GONZALEZ II,0.06,0.0583,100.0,1.1,1,NORMAL,1,0.0,0.06,2019-04-01
2019-08-01,2019,AGOSTO,2do Semestre,VILLA GONZALEZ II,0.07,0.0677,100.0,0.6,1,NORMAL,1,0.0,0.07,2019-08-01
2019-12-01,2019,DICIEMBRE,2do Semestre,VILLA GONZALEZ II,0.06,0.0583,100.0,0.5,1,NORMAL,1,0.0,0.06,2019-12-01
2019-01-01,2019,ENERO,1er Semestre,VILLA GONZALEZ II,0.07,0.0677,100.0,0.7,3,NORMAL,1,0.0,0.07,2019-01-01
2019-02-01,2019,FEBRERO,1er Semestre,VILLA GONZALEZ II,0.07,0.0677,100.0,0.7,3,NORMAL,1,0.0,0.07,2019-02-01
2019-07-01,2019,JULIO,2do Semestre,VILLA GONZALEZ II,0.03,0.0296,100.0,1.1,2,NORMAL,1,0.0,0.03,2019-07-01
2019-06-01,2019,JUNIO,1er Semestre,VILLA GONZALEZ II,0.06,0.0583,100.0,0.6,1,NORMAL,1,0.0,0.06,2019-06-01
2019-03-01,2019,MARZO,1er Semestre,VILLA GONZALEZ II,0.07,0.0677,100.0,0.7,2,NORMAL,1,0.0,0.07,2019-03-01
2019-05-01,2019,MAYO,1er Semestre,VILLA GONZALEZ II,0.07,0.0677,100.0,0.5,3,NORMAL,1,0.0,0.07,2019-05-01
2019-11-01,2019,NOVIEMBRE,2do Semestre,VILLA GONZALEZ II,0.06,0.0583,100.0,1.0,3,NORMAL,1,0.0,0.06,2019-11-01
2019-10-01,2019,OCTUBRE,2do Semestre,VILLA GONZALEZ II,0.06,0.0583,100.0,0.8,3,NORMAL,1,0.0,0.06,2019-10-01
2019-09-01,2019,SEPTIEMBRE,2do Semestre,VILLA GONZALEZ II,0.05,0.0488,100.0,0.5,3,NORMAL,1,0.0,0.05,2019-09-01
2020-04-01,2020,ABRIL,1er Semestre,VILLA GONZALEZ II,0.06,0.0583,100.0,0.6,1,NORMAL,1,0.0,0.06,2020-04-01
2020-08-01,2020,AGOSTO,2do Semestre,VILLA GONZALEZ II,0.06,0.0583,100.0,0.8,4,NORMAL,1,0.0,0.06,2020-08-01
2020-12-01,2020,DICIEMBRE,2do Semestre,VILLA GONZALEZ II,0.07,0.0677,100.0,1.3,3,NORMAL,1,0.0,0.07,2020-12-01
2020-01-01,2020,ENERO,1er Semestre,VILLA GONZALEZ II,0.07,0.0677,86.7,0.7,3,BAJO,1,-13.3,0.0607,2020-01-01
2020-02-01,2020,FEBRERO,1er Semestre,VILLA GONZALEZ II,0.06,0.0583,100.0,1.2,3,NORMAL,1,15.34,0.06,2020-02-01
2020-07-01,2020,JULIO,2do Semestre,VILLA GONZALEZ II,0.06,0.0583,100.0,1.2,3,NORMAL,1,7.18,0.06,2020-07-01
2020-06-01,2020,JUNIO,1er Semestre,VILLA GONZALEZ II,0.06,0.0583,93.3,0.7,3,BAJO,1,-6.7,0.056,2020-06-01
2020-03-01,2020,MARZO,1er Semestre,VILLA GONZALEZ II,0.07,0.0677,100.0,1.3,2,NORMAL,1,0.0,0.07,2020-03-01
2020-05-01,2020,MAYO,1er Semestre,VILLA GONZALEZ II,0.06,0.0583,100.0,1.1,2,NORMAL,1,0.0,0.06,2020-05-01
2020-11-01,2020,NOVIEMBRE,2do Semestre,VILLA GONZALEZ II,0.07,0.0677,100.0,0.6,3,NORMAL,1,0.0,0.07,2020-11-01
2020-10-01,2020,OCTUBRE,2do Semestre,VILLA GONZALEZ II,0.07,0.0677,100.0,1.0,4,NORMAL,1,0.0,0.07,2020-10-01
2020-09-01,2020,SEPTIEMBRE,2do Semestre,VILLA GONZALEZ II,0.06,0.0583,100.0,1.2,4,NORMAL,1,0.0,0.06,2020-09-01
2021-04-01,2021,ABRIL,1er Semestre,VILLA GONZALEZ II,0.07,0.0677,100.0,1.6,1,NORMAL,1,0.0,0.07,2021-04-01
2021-08-01,2021,AGOSTO,2do Semestre,VILLA GONZALEZ II,0.06,0.0583,50.0,0.8,2,CRITICO,1,0.0,0.03,2021-08-01
2021-12-01,2021,DICIEMBRE,2do Semestre,VILLA GONZALEZ II,0.06,0.0583,100.0,1.2,1,NORMAL,1,0.0,0.06,2021-12-01
2021-01-01,2021,ENERO,1er Semestre,VILLA GONZALEZ II,0.07,0.0677,100.0,1.0,4,NORMAL,1,0.0,0.07,2021-01-01
2021-02-01,2021,FEBRERO,1er Semestre,VILLA GONZALEZ II,0.07,0.0677,100.0,1.0,3,NORMAL,1,0.0,0.07,2021-02-01
2021-07-01,2021,JULIO,2do Semestre,VILLA GONZALEZ II,0.07,0.0677,50.0,0.8,2,CRITICO,1,-50.0,0.035,2021-07-01
2021-06-01,2021,JUNIO,1er Semestre,VILLA GONZALEZ II,0.07,0.0677,100.0,1.6,1,NORMAL,1,0.0,0.07,2021-06-01
2021-03-01,2021,MARZO,1er Semestre,VILLA GONZALEZ II,0.07,0.0677,100.0,1.2,3,NORMAL,1,0.0,0.07,2021-03-01
2021-05-01,2021,MAYO,1er Semestre,VILLA GONZALEZ II,0.06,0.0583,100.0,1.5,3,NORMAL,1,0.0,0.06,2021-05-01
2021-11-01,2021,NOVIEMBRE,2do Semestre,VILLA GONZALEZ II,0.06,0.0583,100.0,0.7,1,NORMAL,1,0.0,0.06,2021-11-01
2021-10-01,2021,OCTUBRE,2do Semestre,VILLA GONZALEZ II,0.06,0.0583,100.0,0.8,1,NORMAL,1,0.0,0.06,2021-10-01
2021-09-01,2021,SEPTIEMBRE,2do Semestre,VILLA GONZALEZ II,0.06,0.0583,100.0,0.6,2,NORMAL,1,100.0,0.06,2021-09-01
2022-04-01,2022,ABRIL,1er Semestre,VILLA GONZALEZ II,0.06,0.0583,100.0,1.1,3,NORMAL,1,0.0,0.06,2022-04-01
2022-08-01,2022,AGOSTO,2do Semestre,VILLA GONZALEZ II,0.06,0.0583,100.0,1.4,2,NORMAL,1,0.0,0.06,2022-08-01
2022-12-01,2022,DICIEMBRE,2do Semestre,VILLA GONZALEZ II,0.07,0.0677,100.0,1.3,2,NORMAL,1,0.0,0.07,2022-12-01
2022-01-01,2022,ENERO,1er Semestre,VILLA GONZALEZ II,0.06,0.0583,100.0,0.8,4,NORMAL,1,0.0,0.06,2022-01-01
2022-03-01,2022,MARZO,1er Semestre,VILLA GONZALEZ II,0.06,0.0583,100.0,0.9,2,NORMAL,1,0.0,0.06,2022-03-01
2022-11-01,2022,NOVIEMBRE,2do Semestre,VILLA GONZALEZ II,0.06,0.0583,100.0,1.3,300,NORMAL,1,0.0,0.06,2022-11-01
2022-10-01,2022,OCTUBRE,2do Semestre,VILLA GONZALEZ II,0.06,0.0583,100.0,1.2,3,NORMAL,1,0.0,0.06,2022-10-01
2022-09-01,2022,SEPTIEMBRE,2do Semestre,VILLA GONZALEZ II,0.05,0.0488,100.0,1.4,1,NORMAL,1,0.0,0.05,2022-09-01
2023-01-01,2023,ENERO,1er Semestre,VILLA GONZALEZ II,0.06,0.0583,100.0,1.4,1,NORMAL,1,0.0,0.06,2023-01-01
2023-02-01,2023,FEBRERO,1er Semestre,VILLA GONZALEZ II,0.06,0.0583,100.0,1.6,2,NORMAL,1,0.0,0.06,2023-02-01
2023-07-01,2023,JULIO,2do Semestre,VILLA GONZALEZ II,0.07,0.0677,100.0,0.8,2,NORMAL,1,0.0,0.07,2023-07-01
2023-06-01,2023,JUNIO,1er Semestre,VILLA GONZALEZ II,0.06,0.0583,100.0,1.3,2,NORMAL,1,0.0,0.06,2023-06-01
2023-03-01,2023,MARZO,1er Semestre,VILLA GONZALEZ II,0.06,0.0583,100.0,0.9,1,NORMAL,1,0.0,0.06,2023-03-01
2023-05-01,2023,MAYO,1er Semestre,VILLA GONZALEZ II,0.05,0.0488,100.0,1.3,2,NORMAL,1,0.0,0.05,2023-05-01
2023-11-01,2023,NOVIEMBRE,2do Semestre,VILLA GONZALEZ II,0.06,0.0583,100.0,1.1,1,NORMAL,1,0.0,0.06,2023-11-01
2023-10-01,2023,OCTUBRE,2do Semestre,VILLA GONZALEZ II,0.05,0.0488,100.0,1.1,1,NORMAL,1,0.0,0.05,2023-10-01
2023-09-01,2023,SEPTIEMBRE,2do Semestre,VILLA GONZALEZ II,0.06,0.0583,100.0,1.3,2,NORMAL,1,0.0,0.06,2023-09-01
2024-04-01,2024,ABRIL,1er Semestre,VILLA GONZALEZ II,0.05,0.0488,100.0,1.5,3,NORMAL,1,0.0,0.05,2024-04-01
2024-08-01,2024,AGOSTO,2do Semestre,VILLA GONZALEZ II,0.04,0.0392,100.0,0.7,1,NORMAL,1,0.0,0.04,2024-08-01
2024-12-01,2024,DICIEMBRE,2do Semestre,VILLA GONZALEZ II,0.01,0.01,92.0,2.5,2,BAJO,1,-8.0,0.0092,2024-12-01
2024-01-01,2024,ENERO,1er Semestre,VILLA GONZALEZ II,0.06,0.0583,100.0,1.1,3,NORMAL,1,0.0,0.06,2024-01-01
2024-02-01,2024,FEBRERO,1er Semestre,VILLA GONZALEZ II,0.06,0.0583,100.0,0.6,1,NORMAL,1,0.0,0.06,2024-02-01
2024-06-01,2024,JUNIO,1er Semestre,VILLA GONZALEZ II,0.06,0.0583,100.0,1.3,2,NORMAL,1,0.0,0.06,2024-06-01
2024-03-01,2024,MARZO,1er Semestre,VILLA GONZALEZ II,0.06,0.0583,100.0,0.7,2,NORMAL,1,0.0,0.06,2024-03-01
2024-05-01,2024,MAYO,1er Semestre,VILLA GONZALEZ II,0.05,0.0488,100.0,4.3,3,NORMAL,1,0.0,0.05,2024-05-01
2024-11-01,2024,NOVIEMBRE,2do Semestre,VILLA GONZALEZ II,0.06,0.0583,100.0,0.9,2,NORMAL,1,0.0,0.06,2024-11-01
2024-10-01,2024,OCTUBRE,2do Semestre,VILLA GONZALEZ II,0.05,0.0488,100.0,1.6,2,NORMAL,1,100.0,0.05,2024-10-01
2024-09-01,2024,SEPTIEMBRE,2do Semestre,VILLA GONZALEZ II,0.06,0.0583,50.0,1.8,1,CRITICO,1,-50.0,0.03,2024-09-01
2025-04-01,2025,ABRIL,1er Semestre,VILLA GONZALEZ II,0.06,0.0583,0.9,1.1,4,CRITICO,1,-99.1,0.0005,2025-04-01
2025-08-01,2025,AGOSTO,2do Semestre,VILLA GONZALEZ II,0.05,0.0488,100.0,1.3,1,NORMAL,1,0.0,0.05,2025-08-01
2025-12-01,2025,DICIEMBRE,2do Semestre,VILLA GONZALEZ II,0.06,0.0583,100.0,1.3,2,NORMAL,1,0.0,0.06,2025-12-01
2025-01-01,2025,ENERO,1er Semestre,VILLA GONZALEZ II,0.06,0.0583,100.0,1.6,2,NORMAL,1,8.7,0.06,2025-01-01
2025-02-01,2025,FEBRERO,1er Semestre,VILLA GONZALEZ II,0.05,0.0488,55.0,0.6,2,CRITICO,1,-45.0,0.0275,2025-02-01
2025-07-01,2025,JULIO,2do Semestre,VILLA GONZALEZ II,0.07,0.0677,100.0,1.7,2,NORMAL,1,0.0,0.07,2025-07-01
2025-06-01,2025,JUNIO,1er Semestre,VILLA GONZALEZ II,0.06,0.0583,100.0,1.4,2,NORMAL,1,0.0,0.06,2025-06-01
2025-03-01,2025,MARZO,1er Semestre,VILLA GONZALEZ II,0.06,0.0583,100.0,0.7,4,NORMAL,1,81.82,0.06,2025-03-01
2025-05-01,2025,MAYO,1er Semestre,VILLA GONZALEZ II,0.05,0.0488,100.0,1.6,1,NORMAL,1,11011.11,0.05,2025-05-01
2025-11-01,2025,NOVIEMBRE,2do Semestre,VILLA GONZALEZ II,0.06,0.0583,100.0,1.4,3,NORMAL,1,0.0,0.06,2025-11-01
2025-10-01,2025,OCTUBRE,2do Semestre,VILLA GONZALEZ II,0.06,0.0583,100.0,0.8,4,NORMAL,1,31.23,0.06,2025-10-01
2025-09-01,2025,SEPTIEMBRE,2do Semestre,VILLA GONZALEZ II,0.05,0.0488,76.2,0.6,4,CRITICO,1,-23.8,0.0381,2025-09-01
2026-01-01,2026,ENERO,1er Semestre,VILLA GONZALEZ II,0.06,0.0583,78.0,1.0,3,CRITICO,1,-22.0,0.0468,2026-01-01
2026-02-01,2026,FEBRERO,1er Semestre,VILLA GONZALEZ II,0.05,0.0488,100.0,1.0,2,NORMAL,1,28.21,0.05,2026-02-01
